k, x, p
1,3.93E-05,0.995
1,1.57E-04,0.99
1,9.82E-04,0.975
1,0.00393,0.95
1,0.0157,0.9
1,0.102,0.75
1,0.455,0.5
1,1.323,0.25
1,2.706,0.1
1,3.841,0.05
1,5.024,0.025
1,6.635,0.01
1,7.879,0.005
1,9.55,0.002
2,0.01,0.995
2,0.0201,0.99
2,0.0506,0.975
2,0.103,0.95
2,0.211,0.9
2,0.575,0.75
2,1.386,0.5
2,2.773,0.25
2,4.605,0.1
2,5.991,0.05
2,7.378,0.025
2,9.21,0.01
2,10.597,0.005
2,12.429,0.002
3,0.0717,0.995
3,0.115,0.99
3,0.216,0.975
3,0.352,0.95
3,0.584,0.9
3,1.213,0.75
3,2.366,0.5
3,4.108,0.25
3,6.251,0.1
3,7.815,0.05
3,9.348,0.025
3,11.345,0.01
3,12.838,0.005
3,14.796,0.002
4,0.207,0.995
4,0.297,0.99
4,0.484,0.975
4,0.711,0.95
4,1.064,0.9
4,1.923,0.75
4,3.357,0.5
4,5.385,0.25
4,7.779,0.1
4,9.488,0.05
4,11.143,0.025
4,13.277,0.01
4,14.86,0.005
4,16.924,0.002
5,0.412,0.995
5,0.554,0.99
5,0.831,0.975
5,1.145,0.95
5,1.61,0.9
5,2.675,0.75
5,4.351,0.5
5,6.626,0.25
5,9.236,0.1
5,11.07,0.05
5,12.833,0.025
5,15.086,0.01
5,16.75,0.005
5,18.907,0.002
6,0.676,0.995
6,0.872,0.99
6,1.237,0.975
6,1.635,0.95
6,2.204,0.9
6,3.455,0.75
6,5.348,0.5
6,7.841,0.25
6,10.645,0.1
6,12.592,0.05
6,14.449,0.025
6,16.812,0.01
6,18.548,0.005
6,20.791,0.002
7,0.989,0.995
7,1.239,0.99
7,1.69,0.975
7,2.167,0.95
7,2.833,0.9
7,4.255,0.75
7,6.346,0.5
7,9.037,0.25
7,12.017,0.1
7,14.067,0.05
7,16.013,0.025
7,18.475,0.01
7,20.278,0.005
7,22.601,0.002
8,1.344,0.995
8,1.646,0.99
8,2.18,0.975
8,2.733,0.95
8,3.49,0.9
8,5.071,0.75
8,7.344,0.5
8,10.219,0.25
8,13.362,0.1
8,15.507,0.05
8,17.535,0.025
8,20.09,0.01
8,21.955,0.005
8,24.352,0.002
9,1.735,0.995
9,2.088,0.99
9,2.7,0.975
9,3.325,0.95
9,4.168,0.9
9,5.899,0.75
9,8.343,0.5
9,11.389,0.25
9,14.684,0.1
9,16.919,0.05
9,19.023,0.025
9,21.666,0.01
9,23.589,0.005
9,26.056,0.002
10,2.156,0.995
10,2.558,0.99
10,3.247,0.975
10,3.94,0.95
10,4.865,0.9
10,6.737,0.75
10,9.342,0.5
10,12.549,0.25
10,15.987,0.1
10,18.307,0.05
10,20.483,0.025
10,23.209,0.01
10,25.188,0.005
10,27.722,0.002
11,2.603,0.995
11,3.053,0.99
11,3.816,0.975
11,4.575,0.95
11,5.578,0.9
11,7.584,0.75
11,10.341,0.5
11,13.701,0.25
11,17.275,0.1
11,19.675,0.05
11,21.92,0.025
11,24.725,0.01
11,26.757,0.005
11,29.354,0.002
12,3.074,0.995
12,3.571,0.99
12,4.404,0.975
12,5.226,0.95
12,6.304,0.9
12,8.438,0.75
12,11.34,0.5
12,14.845,0.25
12,18.549,0.1
12,21.026,0.05
12,23.337,0.025
12,26.217,0.01
12,28.3,0.005
12,30.957,0.002
13,3.565,0.995
13,4.107,0.99
13,5.009,0.975
13,5.892,0.95
13,7.042,0.9
13,9.299,0.75
13,12.34,0.5
13,15.984,0.25
13,19.812,0.1
13,22.362,0.05
13,24.736,0.025
13,27.688,0.01
13,29.819,0.005
13,32.535,0.002
14,4.075,0.995
14,4.66,0.99
14,5.629,0.975
14,6.571,0.95
14,7.79,0.9
14,10.165,0.75
14,13.339,0.5
14,17.117,0.25
14,21.064,0.1
14,23.685,0.05
14,26.119,0.025
14,29.141,0.01
14,31.319,0.005
14,34.091,0.002
15,4.601,0.995
15,5.229,0.99
15,6.262,0.975
15,7.261,0.95
15,8.547,0.9
15,11.037,0.75
15,14.339,0.5
15,18.245,0.25
15,22.307,0.1
15,24.996,0.05
15,27.488,0.025
15,30.578,0.01
15,32.801,0.005
15,35.628,0.002
16,5.142,0.995
16,5.812,0.99
16,6.908,0.975
16,7.962,0.95
16,9.312,0.9
16,11.912,0.75
16,15.338,0.5
16,19.369,0.25
16,23.542,0.1
16,26.296,0.05
16,28.845,0.025
16,32,0.01
16,34.267,0.005
16,37.146,0.002
17,5.697,0.995
17,6.408,0.99
17,7.564,0.975
17,8.672,0.95
17,10.085,0.9
17,12.792,0.75
17,16.338,0.5
17,20.489,0.25
17,24.769,0.1
17,27.587,0.05
17,30.191,0.025
17,33.409,0.01
17,35.718,0.005
17,38.648,0.002
18,6.265,0.995
18,7.015,0.99
18,8.231,0.975
18,9.39,0.95
18,10.865,0.9
18,13.675,0.75
18,17.338,0.5
18,21.605,0.25
18,25.989,0.1
18,28.869,0.05
18,31.526,0.025
18,34.805,0.01
18,37.156,0.005
18,40.136,0.002
19,6.844,0.995
19,7.633,0.99
19,8.907,0.975
19,10.117,0.95
19,11.651,0.9
19,14.562,0.75
19,18.338,0.5
19,22.718,0.25
19,27.204,0.1
19,30.144,0.05
19,32.852,0.025
19,36.191,0.01
19,38.582,0.005
19,41.61,0.002
20,7.434,0.995
20,8.26,0.99
20,9.591,0.975
20,10.851,0.95
20,12.443,0.9
20,15.452,0.75
20,19.337,0.5
20,23.828,0.25
20,28.412,0.1
20,31.41,0.05
20,34.17,0.025
20,37.566,0.01
20,39.997,0.005
20,43.072,0.002
21,8.034,0.995
21,8.897,0.99
21,10.283,0.975
21,11.591,0.95
21,13.24,0.9
21,16.344,0.75
21,20.337,0.5
21,24.935,0.25
21,29.615,0.1
21,32.671,0.05
21,35.479,0.025
21,38.932,0.01
21,41.401,0.005
21,44.522,0.002
22,8.643,0.995
22,9.542,0.99
22,10.982,0.975
22,12.338,0.95
22,14.041,0.9
22,17.24,0.75
22,21.337,0.5
22,26.039,0.25
22,30.813,0.1
22,33.924,0.05
22,36.781,0.025
22,40.289,0.01
22,42.796,0.005
22,45.962,0.002
23,9.26,0.995
23,10.196,0.99
23,11.689,0.975
23,13.091,0.95
23,14.848,0.9
23,18.137,0.75
23,22.337,0.5
23,27.141,0.25
23,32.007,0.1
23,35.172,0.05
23,38.076,0.025
23,41.638,0.01
23,44.181,0.005
23,47.391,0.002
24,9.886,0.995
24,10.856,0.99
24,12.401,0.975
24,13.848,0.95
24,15.659,0.9
24,19.037,0.75
24,23.337,0.5
24,28.241,0.25
24,33.196,0.1
24,36.415,0.05
24,39.364,0.025
24,42.98,0.01
24,45.559,0.005
24,48.812,0.002
25,10.52,0.995
25,11.524,0.99
25,13.12,0.975
25,14.611,0.95
25,16.473,0.9
25,19.939,0.75
25,24.337,0.5
25,29.339,0.25
25,34.382,0.1
25,37.652,0.05
25,40.646,0.025
25,44.314,0.01
25,46.928,0.005
25,50.223,0.002
26,11.16,0.995
26,12.198,0.99
26,13.844,0.975
26,15.379,0.95
26,17.292,0.9
26,20.843,0.75
26,25.336,0.5
26,30.435,0.25
26,35.563,0.1
26,38.885,0.05
26,41.923,0.025
26,45.642,0.01
26,48.29,0.005
26,51.627,0.002
27,11.808,0.995
27,12.879,0.99
27,14.573,0.975
27,16.151,0.95
27,18.114,0.9
27,21.749,0.75
27,26.336,0.5
27,31.528,0.25
27,36.741,0.1
27,40.113,0.05
27,43.195,0.025
27,46.963,0.01
27,49.645,0.005
27,53.023,0.002
28,12.461,0.995
28,13.565,0.99
28,15.308,0.975
28,16.928,0.95
28,18.939,0.9
28,22.657,0.75
28,27.336,0.5
28,32.62,0.25
28,37.916,0.1
28,41.337,0.05
28,44.461,0.025
28,48.278,0.01
28,50.993,0.005
28,54.411,0.002
29,13.121,0.995
29,14.256,0.99
29,16.047,0.975
29,17.708,0.95
29,19.768,0.9
29,23.567,0.75
29,28.336,0.5
29,33.711,0.25
29,39.087,0.1
29,42.557,0.05
29,45.722,0.025
29,49.588,0.01
29,52.336,0.005
29,55.792,0.002
30,13.787,0.995
30,14.953,0.99
30,16.791,0.975
30,18.493,0.95
30,20.599,0.9
30,24.478,0.75
30,29.336,0.5
30,34.8,0.25
30,40.256,0.1
30,43.773,0.05
30,46.979,0.025
30,50.892,0.01
30,53.672,0.005
30,57.167,0.002
31,14.458,0.995
31,15.655,0.99
31,17.539,0.975
31,19.281,0.95
31,21.434,0.9
31,25.39,0.75
31,30.336,0.5
31,35.887,0.25
31,41.422,0.1
31,44.985,0.05
31,48.232,0.025
31,52.191,0.01
31,55.003,0.005
31,58.536,0.002
32,15.134,0.995
32,16.362,0.99
32,18.291,0.975
32,20.072,0.95
32,22.271,0.9
32,26.304,0.75
32,31.336,0.5
32,36.973,0.25
32,42.585,0.1
32,46.194,0.05
32,49.48,0.025
32,53.486,0.01
32,56.328,0.005
32,59.899,0.002
33,15.815,0.995
33,17.074,0.99
33,19.047,0.975
33,20.867,0.95
33,23.11,0.9
33,27.219,0.75
33,32.336,0.5
33,38.058,0.25
33,43.745,0.1
33,47.4,0.05
33,50.725,0.025
33,54.776,0.01
33,57.648,0.005
33,61.256,0.002
34,16.501,0.995
34,17.789,0.99
34,19.806,0.975
34,21.664,0.95
34,23.952,0.9
34,28.136,0.75
34,33.336,0.5
34,39.141,0.25
34,44.903,0.1
34,48.602,0.05
34,51.966,0.025
34,56.061,0.01
34,58.964,0.005
34,62.608,0.002
35,17.192,0.995
35,18.509,0.99
35,20.569,0.975
35,22.465,0.95
35,24.797,0.9
35,29.054,0.75
35,34.336,0.5
35,40.223,0.25
35,46.059,0.1
35,49.802,0.05
35,53.203,0.025
35,57.342,0.01
35,60.275,0.005
35,63.955,0.002
36,17.887,0.995
36,19.233,0.99
36,21.336,0.975
36,23.269,0.95
36,25.643,0.9
36,29.973,0.75
36,35.336,0.5
36,41.304,0.25
36,47.212,0.1
36,50.998,0.05
36,54.437,0.025
36,58.619,0.01
36,61.581,0.005
36,65.296,0.002
37,18.586,0.995
37,19.96,0.99
37,22.106,0.975
37,24.075,0.95
37,26.492,0.9
37,30.893,0.75
37,36.336,0.5
37,42.383,0.25
37,48.363,0.1
37,52.192,0.05
37,55.668,0.025
37,59.893,0.01
37,62.883,0.005
37,66.633,0.002
38,19.289,0.995
38,20.691,0.99
38,22.878,0.975
38,24.884,0.95
38,27.343,0.9
38,31.815,0.75
38,37.335,0.5
38,43.462,0.25
38,49.513,0.1
38,53.384,0.05
38,56.896,0.025
38,61.162,0.01
38,64.181,0.005
38,67.966,0.002
39,19.996,0.995
39,21.426,0.99
39,23.654,0.975
39,25.695,0.95
39,28.196,0.9
39,32.737,0.75
39,38.335,0.5
39,44.539,0.25
39,50.66,0.1
39,54.572,0.05
39,58.12,0.025
39,62.428,0.01
39,65.476,0.005
39,69.294,0.002
40,20.707,0.995
40,22.164,0.99
40,24.433,0.975
40,26.509,0.95
40,29.051,0.9
40,33.66,0.75
40,39.335,0.5
40,45.616,0.25
40,51.805,0.1
40,55.758,0.05
40,59.342,0.025
40,63.691,0.01
40,66.766,0.005
40,70.618,0.002
41,21.421,0.995
41,22.906,0.99
41,25.215,0.975
41,27.326,0.95
41,29.907,0.9
41,34.585,0.75
41,40.335,0.5
41,46.692,0.25
41,52.949,0.1
41,56.942,0.05
41,60.561,0.025
41,64.95,0.01
41,68.053,0.005
41,71.938,0.002
42,22.138,0.995
42,23.65,0.99
42,25.999,0.975
42,28.144,0.95
42,30.765,0.9
42,35.51,0.75
42,41.335,0.5
42,47.766,0.25
42,54.09,0.1
42,58.124,0.05
42,61.777,0.025
42,66.206,0.01
42,69.336,0.005
42,73.254,0.002
43,22.859,0.995
43,24.398,0.99
43,26.785,0.975
43,28.965,0.95
43,31.625,0.9
43,36.436,0.75
43,42.335,0.5
43,48.84,0.25
43,55.23,0.1
43,59.304,0.05
43,62.99,0.025
43,67.459,0.01
43,70.616,0.005
43,74.566,0.002
44,23.584,0.995
44,25.148,0.99
44,27.575,0.975
44,29.787,0.95
44,32.487,0.9
44,37.363,0.75
44,43.335,0.5
44,49.913,0.25
44,56.369,0.1
44,60.481,0.05
44,64.201,0.025
44,68.71,0.01
44,71.893,0.005
44,75.874,0.002
45,24.311,0.995
45,25.901,0.99
45,28.366,0.975
45,30.612,0.95
45,33.35,0.9
45,38.291,0.75
45,44.335,0.5
45,50.985,0.25
45,57.505,0.1
45,61.656,0.05
45,65.41,0.025
45,69.957,0.01
45,73.166,0.005
45,77.179,0.002
46,25.041,0.995
46,26.657,0.99
46,29.16,0.975
46,31.439,0.95
46,34.215,0.9
46,39.22,0.75
46,45.335,0.5
46,52.056,0.25
46,58.641,0.1
46,62.83,0.05
46,66.617,0.025
46,71.201,0.01
46,74.437,0.005
46,78.481,0.002
47,25.775,0.995
47,27.416,0.99
47,29.956,0.975
47,32.268,0.95
47,35.081,0.9
47,40.149,0.75
47,46.335,0.5
47,53.127,0.25
47,59.774,0.1
47,64.001,0.05
47,67.821,0.025
47,72.443,0.01
47,75.704,0.005
47,79.78,0.002
48,26.511,0.995
48,28.177,0.99
48,30.755,0.975
48,33.098,0.95
48,35.949,0.9
48,41.079,0.75
48,47.335,0.5
48,54.196,0.25
48,60.907,0.1
48,65.171,0.05
48,69.023,0.025
48,73.683,0.01
48,76.969,0.005
48,81.075,0.002
49,27.249,0.995
49,28.941,0.99
49,31.555,0.975
49,33.93,0.95
49,36.818,0.9
49,42.01,0.75
49,48.335,0.5
49,55.265,0.25
49,62.038,0.1
49,66.339,0.05
49,70.222,0.025
49,74.919,0.01
49,78.231,0.005
49,82.367,0.002
50,27.991,0.995
50,29.707,0.99
50,32.357,0.975
50,34.764,0.95
50,37.689,0.9
50,42.942,0.75
50,49.335,0.5
50,56.334,0.25
50,63.167,0.1
50,67.505,0.05
50,71.42,0.025
50,76.154,0.01
50,79.49,0.005
50,83.657,0.002
51,28.735,0.995
51,30.475,0.99
51,33.162,0.975
51,35.6,0.95
51,38.56,0.9
51,43.874,0.75
51,50.335,0.5
51,57.401,0.25
51,64.295,0.1
51,68.669,0.05
51,72.616,0.025
51,77.386,0.01
51,80.747,0.005
51,84.943,0.002
52,29.481,0.995
52,31.246,0.99
52,33.968,0.975
52,36.437,0.95
52,39.433,0.9
52,44.808,0.75
52,51.335,0.5
52,58.468,0.25
52,65.422,0.1
52,69.832,0.05
52,73.81,0.025
52,78.616,0.01
52,82.001,0.005
52,86.227,0.002
53,30.23,0.995
53,32.018,0.99
53,34.776,0.975
53,37.276,0.95
53,40.308,0.9
53,45.741,0.75
53,52.335,0.5
53,59.534,0.25
53,66.548,0.1
53,70.993,0.05
53,75.002,0.025
53,79.843,0.01
53,83.253,0.005
53,87.507,0.002
54,30.981,0.995
54,32.793,0.99
54,35.586,0.975
54,38.116,0.95
54,41.183,0.9
54,46.676,0.75
54,53.335,0.5
54,60.6,0.25
54,67.673,0.1
54,72.153,0.05
54,76.192,0.025
54,81.069,0.01
54,84.502,0.005
54,88.786,0.002
55,31.735,0.995
55,33.57,0.99
55,36.398,0.975
55,38.958,0.95
55,42.06,0.9
55,47.61,0.75
55,54.335,0.5
55,61.665,0.25
55,68.796,0.1
55,73.311,0.05
55,77.38,0.025
55,82.292,0.01
55,85.749,0.005
55,90.061,0.002
56,32.49,0.995
56,34.35,0.99
56,37.212,0.975
56,39.801,0.95
56,42.937,0.9
56,48.546,0.75
56,55.335,0.5
56,62.729,0.25
56,69.919,0.1
56,74.468,0.05
56,78.567,0.025
56,83.513,0.01
56,86.994,0.005
56,91.335,0.002
57,33.248,0.995
57,35.131,0.99
57,38.027,0.975
57,40.646,0.95
57,43.816,0.9
57,49.482,0.75
57,56.335,0.5
57,63.793,0.25
57,71.04,0.1
57,75.624,0.05
57,79.752,0.025
57,84.733,0.01
57,88.236,0.005
57,92.605,0.002
58,34.008,0.995
58,35.913,0.99
58,38.844,0.975
58,41.492,0.95
58,44.696,0.9
58,50.419,0.75
58,57.335,0.5
58,64.857,0.25
58,72.16,0.1
58,76.778,0.05
58,80.936,0.025
58,85.95,0.01
58,89.477,0.005
58,93.874,0.002
59,34.77,0.995
59,36.698,0.99
59,39.662,0.975
59,42.339,0.95
59,45.577,0.9
59,51.356,0.75
59,58.335,0.5
59,65.919,0.25
59,73.279,0.1
59,77.931,0.05
59,82.117,0.025
59,87.166,0.01
59,90.715,0.005
59,95.14,0.002
60,35.534,0.995
60,37.485,0.99
60,40.482,0.975
60,43.188,0.95
60,46.459,0.9
60,52.294,0.75
60,59.335,0.5
60,66.981,0.25
60,74.397,0.1
60,79.082,0.05
60,83.298,0.025
60,88.379,0.01
60,91.952,0.005
60,96.404,0.002
61,36.301,0.995
61,38.273,0.99
61,41.303,0.975
61,44.038,0.95
61,47.342,0.9
61,53.232,0.75
61,60.335,0.5
61,68.043,0.25
61,75.514,0.1
61,80.232,0.05
61,84.476,0.025
61,89.591,0.01
61,93.186,0.005
61,97.665,0.002
62,37.068,0.995
62,39.063,0.99
62,42.126,0.975
62,44.889,0.95
62,48.226,0.9
62,54.171,0.75
62,61.335,0.5
62,69.104,0.25
62,76.63,0.1
62,81.381,0.05
62,85.654,0.025
62,90.802,0.01
62,94.419,0.005
62,98.925,0.002
63,37.838,0.995
63,39.855,0.99
63,42.95,0.975
63,45.741,0.95
63,49.111,0.9
63,55.11,0.75
63,62.335,0.5
63,70.165,0.25
63,77.745,0.1
63,82.529,0.05
63,86.83,0.025
63,92.01,0.01
63,95.649,0.005
63,100.182,0.002
64,38.61,0.995
64,40.649,0.99
64,43.776,0.975
64,46.595,0.95
64,49.996,0.9
64,56.05,0.75
64,63.335,0.5
64,71.225,0.25
64,78.86,0.1
64,83.675,0.05
64,88.004,0.025
64,93.217,0.01
64,96.878,0.005
64,101.437,0.002
65,39.383,0.995
65,41.444,0.99
65,44.603,0.975
65,47.45,0.95
65,50.883,0.9
65,56.99,0.75
65,64.335,0.5
65,72.285,0.25
65,79.973,0.1
65,84.821,0.05
65,89.177,0.025
65,94.422,0.01
65,98.105,0.005
65,102.691,0.002
66,40.158,0.995
66,42.24,0.99
66,45.431,0.975
66,48.305,0.95
66,51.77,0.9
66,57.931,0.75
66,65.335,0.5
66,73.344,0.25
66,81.085,0.1
66,85.965,0.05
66,90.349,0.025
66,95.626,0.01
66,99.33,0.005
66,103.942,0.002
67,40.935,0.995
67,43.038,0.99
67,46.261,0.975
67,49.162,0.95
67,52.659,0.9
67,58.872,0.75
67,66.335,0.5
67,74.403,0.25
67,82.197,0.1
67,87.108,0.05
67,91.519,0.025
67,96.828,0.01
67,100.554,0.005
67,105.192,0.002
68,41.713,0.995
68,43.838,0.99
68,47.092,0.975
68,50.02,0.95
68,53.548,0.9
68,59.814,0.75
68,67.335,0.5
68,75.461,0.25
68,83.308,0.1
68,88.25,0.05
68,92.689,0.025
68,98.028,0.01
68,101.776,0.005
68,106.44,0.002
69,42.494,0.995
69,44.639,0.99
69,47.924,0.975
69,50.879,0.95
69,54.438,0.9
69,60.756,0.75
69,68.334,0.5
69,76.519,0.25
69,84.418,0.1
69,89.391,0.05
69,93.856,0.025
69,99.228,0.01
69,102.996,0.005
69,107.685,0.002
70,43.275,0.995
70,45.442,0.99
70,48.758,0.975
70,51.739,0.95
70,55.329,0.9
70,61.698,0.75
70,69.334,0.5
70,77.577,0.25
70,85.527,0.1
70,90.531,0.05
70,95.023,0.025
70,100.425,0.01
70,104.215,0.005
70,108.929,0.002
71,44.058,0.995
71,46.246,0.99
71,49.592,0.975
71,52.6,0.95
71,56.221,0.9
71,62.641,0.75
71,70.334,0.5
71,78.634,0.25
71,86.635,0.1
71,91.67,0.05
71,96.189,0.025
71,101.621,0.01
71,105.432,0.005
71,110.172,0.002
72,44.843,0.995
72,47.051,0.99
72,50.428,0.975
72,53.462,0.95
72,57.113,0.9
72,63.585,0.75
72,71.334,0.5
72,79.69,0.25
72,87.743,0.1
72,92.808,0.05
72,97.353,0.025
72,102.816,0.01
72,106.648,0.005
72,111.412,0.002
73,45.629,0.995
73,47.858,0.99
73,51.265,0.975
73,54.325,0.95
73,58.006,0.9
73,64.528,0.75
73,72.334,0.5
73,80.747,0.25
73,88.85,0.1
73,93.945,0.05
73,98.516,0.025
73,104.01,0.01
73,107.862,0.005
73,112.651,0.002
74,46.417,0.995
74,48.666,0.99
74,52.103,0.975
74,55.189,0.95
74,58.9,0.9
74,65.472,0.75
74,73.334,0.5
74,81.803,0.25
74,89.956,0.1
74,95.081,0.05
74,99.678,0.025
74,105.202,0.01
74,109.074,0.005
74,113.889,0.002
75,47.206,0.995
75,49.475,0.99
75,52.942,0.975
75,56.054,0.95
75,59.795,0.9
75,66.417,0.75
75,74.334,0.5
75,82.858,0.25
75,91.061,0.1
75,96.217,0.05
75,100.839,0.025
75,106.393,0.01
75,110.286,0.005
75,115.125,0.002
76,47.997,0.995
76,50.286,0.99
76,53.782,0.975
76,56.92,0.95
76,60.69,0.9
76,67.362,0.75
76,75.334,0.5
76,83.913,0.25
76,92.166,0.1
76,97.351,0.05
76,101.999,0.025
76,107.583,0.01
76,111.495,0.005
76,116.359,0.002
77,48.788,0.995
77,51.097,0.99
77,54.623,0.975
77,57.786,0.95
77,61.586,0.9
77,68.307,0.75
77,76.334,0.5
77,84.968,0.25
77,93.27,0.1
77,98.484,0.05
77,103.158,0.025
77,108.771,0.01
77,112.704,0.005
77,117.591,0.002
78,49.582,0.995
78,51.91,0.99
78,55.466,0.975
78,58.654,0.95
78,62.483,0.9
78,69.252,0.75
78,77.334,0.5
78,86.022,0.25
78,94.374,0.1
78,99.617,0.05
78,104.316,0.025
78,109.958,0.01
78,113.911,0.005
78,118.823,0.002
79,50.376,0.995
79,52.725,0.99
79,56.309,0.975
79,59.522,0.95
79,63.38,0.9
79,70.198,0.75
79,78.334,0.5
79,87.077,0.25
79,95.476,0.1
79,100.749,0.05
79,105.473,0.025
79,111.144,0.01
79,115.117,0.005
79,120.052,0.002
80,51.172,0.995
80,53.54,0.99
80,57.153,0.975
80,60.391,0.95
80,64.278,0.9
80,71.145,0.75
80,79.334,0.5
80,88.13,0.25
80,96.578,0.1
80,101.879,0.05
80,106.629,0.025
80,112.329,0.01
80,116.321,0.005
80,121.28,0.002
81,51.969,0.995
81,54.357,0.99
81,57.998,0.975
81,61.261,0.95
81,65.176,0.9
81,72.091,0.75
81,80.334,0.5
81,89.184,0.25
81,97.68,0.1
81,103.01,0.05
81,107.783,0.025
81,113.512,0.01
81,117.524,0.005
81,122.507,0.002
82,52.767,0.995
82,55.174,0.99
82,58.845,0.975
82,62.132,0.95
82,66.076,0.9
82,73.038,0.75
82,81.334,0.5
82,90.237,0.25
82,98.78,0.1
82,104.139,0.05
82,108.937,0.025
82,114.695,0.01
82,118.726,0.005
82,123.733,0.002
83,53.567,0.995
83,55.993,0.99
83,59.692,0.975
83,63.004,0.95
83,66.976,0.9
83,73.985,0.75
83,82.334,0.5
83,91.289,0.25
83,99.88,0.1
83,105.267,0.05
83,110.09,0.025
83,115.876,0.01
83,119.927,0.005
83,124.957,0.002
84,54.368,0.995
84,56.813,0.99
84,60.54,0.975
84,63.876,0.95
84,67.876,0.9
84,74.933,0.75
84,83.334,0.5
84,92.342,0.25
84,100.98,0.1
84,106.395,0.05
84,111.242,0.025
84,117.057,0.01
84,121.126,0.005
84,126.179,0.002
85,55.17,0.995
85,57.634,0.99
85,61.389,0.975
85,64.749,0.95
85,68.777,0.9
85,75.881,0.75
85,84.334,0.5
85,93.394,0.25
85,102.079,0.1
85,107.522,0.05
85,112.393,0.025
85,118.236,0.01
85,122.325,0.005
85,127.401,0.002
86,55.973,0.995
86,58.456,0.99
86,62.239,0.975
86,65.623,0.95
86,69.679,0.9
86,76.829,0.75
86,85.334,0.5
86,94.446,0.25
86,103.177,0.1
86,108.648,0.05
86,113.544,0.025
86,119.414,0.01
86,123.522,0.005
86,128.621,0.002
87,56.777,0.995
87,59.279,0.99
87,63.089,0.975
87,66.498,0.95
87,70.581,0.9
87,77.777,0.75
87,86.334,0.5
87,95.497,0.25
87,104.275,0.1
87,109.773,0.05
87,114.693,0.025
87,120.591,0.01
87,124.718,0.005
87,129.84,0.002
88,57.582,0.995
88,60.103,0.99
88,63.941,0.975
88,67.373,0.95
88,71.484,0.9
88,78.726,0.75
88,87.334,0.5
88,96.548,0.25
88,105.372,0.1
88,110.898,0.05
88,115.841,0.025
88,121.767,0.01
88,125.913,0.005
88,131.057,0.002
89,58.389,0.995
89,60.928,0.99
89,64.793,0.975
89,68.249,0.95
89,72.387,0.9
89,79.675,0.75
89,88.334,0.5
89,97.599,0.25
89,106.469,0.1
89,112.022,0.05
89,116.989,0.025
89,122.942,0.01
89,127.106,0.005
89,132.273,0.002
90,59.196,0.995
90,61.754,0.99
90,65.647,0.975
90,69.126,0.95
90,73.291,0.9
90,80.625,0.75
90,89.334,0.5
90,98.65,0.25
90,107.565,0.1
90,113.145,0.05
90,118.136,0.025
90,124.116,0.01
90,128.299,0.005
90,133.489,0.002
91,60.005,0.995
91,62.581,0.99
91,66.501,0.975
91,70.003,0.95
91,74.196,0.9
91,81.574,0.75
91,90.334,0.5
91,99.7,0.25
91,108.661,0.1
91,114.268,0.05
91,119.282,0.025
91,125.289,0.01
91,129.491,0.005
91,134.702,0.002
92,60.815,0.995
92,63.409,0.99
92,67.356,0.975
92,70.882,0.95
92,75.1,0.9
92,82.524,0.75
92,91.334,0.5
92,100.75,0.25
92,109.756,0.1
92,115.39,0.05
92,120.427,0.025
92,126.462,0.01
92,130.681,0.005
92,135.915,0.002
93,61.625,0.995
93,64.238,0.99
93,68.211,0.975
93,71.76,0.95
93,76.006,0.9
93,83.474,0.75
93,92.334,0.5
93,101.8,0.25
93,110.85,0.1
93,116.511,0.05
93,121.571,0.025
93,127.633,0.01
93,131.871,0.005
93,137.127,0.002
94,62.437,0.995
94,65.068,0.99
94,69.068,0.975
94,72.64,0.95
94,76.912,0.9
94,84.425,0.75
94,93.334,0.5
94,102.85,0.25
94,111.944,0.1
94,117.632,0.05
94,122.715,0.025
94,128.803,0.01
94,133.059,0.005
94,138.337,0.002
95,63.25,0.995
95,65.898,0.99
95,69.925,0.975
95,73.52,0.95
95,77.818,0.9
95,85.376,0.75
95,94.334,0.5
95,103.899,0.25
95,113.038,0.1
95,118.752,0.05
95,123.858,0.025
95,129.973,0.01
95,134.247,0.005
95,139.546,0.002
96,64.063,0.995
96,66.73,0.99
96,70.783,0.975
96,74.401,0.95
96,78.725,0.9
96,86.327,0.75
96,95.334,0.5
96,104.948,0.25
96,114.131,0.1
96,119.871,0.05
96,125,0.025
96,131.141,0.01
96,135.433,0.005
96,140.755,0.002
97,64.878,0.995
97,67.562,0.99
97,71.642,0.975
97,75.282,0.95
97,79.633,0.9
97,87.278,0.75
97,96.334,0.5
97,105.997,0.25
97,115.223,0.1
97,120.99,0.05
97,126.141,0.025
97,132.309,0.01
97,136.619,0.005
97,141.962,0.002
98,65.694,0.995
98,68.396,0.99
98,72.501,0.975
98,76.164,0.95
98,80.541,0.9
98,88.229,0.75
98,97.334,0.5
98,107.045,0.25
98,116.315,0.1
98,122.108,0.05
98,127.282,0.025
98,133.476,0.01
98,137.803,0.005
98,143.168,0.002
99,66.51,0.995
99,69.23,0.99
99,73.361,0.975
99,77.046,0.95
99,81.449,0.9
99,89.181,0.75
99,98.334,0.5
99,108.093,0.25
99,117.407,0.1
99,123.225,0.05
99,128.422,0.025
99,134.642,0.01
99,138.987,0.005
99,144.373,0.002
100,67.328,0.995
100,70.065,0.99
100,74.222,0.975
100,77.929,0.95
100,82.358,0.9
100,90.133,0.75
100,99.334,0.5
100,109.141,0.25
100,118.498,0.1
100,124.342,0.05
100,129.561,0.025
100,135.807,0.01
100,140.169,0.005
100,145.577,0.002
101,68.146,0.995
101,70.901,0.99
101,75.083,0.975
101,78.813,0.95
101,83.267,0.9
101,91.085,0.75
101,100.334,0.5
101,110.189,0.25
101,119.589,0.1
101,125.458,0.05
101,130.7,0.025
101,136.971,0.01
101,141.351,0.005
101,146.78,0.002
102,68.965,0.995
102,71.737,0.99
102,75.946,0.975
102,79.697,0.95
102,84.177,0.9
102,92.038,0.75
102,101.334,0.5
102,111.236,0.25
102,120.679,0.1
102,126.574,0.05
102,131.838,0.025
102,138.134,0.01
102,142.532,0.005
102,147.982,0.002
103,69.785,0.995
103,72.575,0.99
103,76.809,0.975
103,80.582,0.95
103,85.088,0.9
103,92.991,0.75
103,102.334,0.5
103,112.284,0.25
103,121.769,0.1
103,127.689,0.05
103,132.975,0.025
103,139.297,0.01
103,143.712,0.005
103,149.183,0.002
104,70.606,0.995
104,73.413,0.99
104,77.672,0.975
104,81.468,0.95
104,85.998,0.9
104,93.944,0.75
104,103.334,0.5
104,113.331,0.25
104,122.858,0.1
104,128.804,0.05
104,134.111,0.025
104,140.459,0.01
104,144.891,0.005
104,150.383,0.002
105,71.428,0.995
105,74.252,0.99
105,78.536,0.975
105,82.354,0.95
105,86.909,0.9
105,94.897,0.75
105,104.334,0.5
105,114.378,0.25
105,123.947,0.1
105,129.918,0.05
105,135.247,0.025
105,141.62,0.01
105,146.07,0.005
105,151.582,0.002
106,72.251,0.995
106,75.092,0.99
106,79.401,0.975
106,83.24,0.95
106,87.821,0.9
106,95.85,0.75
106,105.334,0.5
106,115.424,0.25
106,125.035,0.1
106,131.031,0.05
106,136.382,0.025
106,142.78,0.01
106,147.247,0.005
106,152.78,0.002
107,73.075,0.995
107,75.932,0.99
107,80.267,0.975
107,84.127,0.95
107,88.733,0.9
107,96.804,0.75
107,106.334,0.5
107,116.471,0.25
107,126.123,0.1
107,132.144,0.05
107,137.517,0.025
107,143.94,0.01
107,148.424,0.005
107,153.977,0.002
108,73.899,0.995
108,76.774,0.99
108,81.133,0.975
108,85.015,0.95
108,89.645,0.9
108,97.758,0.75
108,107.334,0.5
108,117.517,0.25
108,127.211,0.1
108,133.257,0.05
108,138.651,0.025
108,145.099,0.01
108,149.599,0.005
108,155.173,0.002
109,74.724,0.995
109,77.616,0.99
109,82,0.975
109,85.903,0.95
109,90.558,0.9
109,98.712,0.75
109,108.334,0.5
109,118.563,0.25
109,128.298,0.1
109,134.369,0.05
109,139.784,0.025
109,146.257,0.01
109,150.774,0.005
109,156.369,0.002
110,75.55,0.995
110,78.458,0.99
110,82.867,0.975
110,86.792,0.95
110,91.471,0.9
110,99.666,0.75
110,109.334,0.5
110,119.608,0.25
110,129.385,0.1
110,135.48,0.05
110,140.917,0.025
110,147.414,0.01
110,151.948,0.005
110,157.563,0.002
111,76.377,0.995
111,79.302,0.99
111,83.735,0.975
111,87.681,0.95
111,92.385,0.9
111,100.62,0.75
111,110.334,0.5
111,120.654,0.25
111,130.472,0.1
111,136.591,0.05
111,142.049,0.025
111,148.571,0.01
111,153.122,0.005
111,158.757,0.002
112,77.204,0.995
112,80.146,0.99
112,84.604,0.975
112,88.57,0.95
112,93.299,0.9
112,101.575,0.75
112,111.334,0.5
112,121.699,0.25
112,131.558,0.1
112,137.701,0.05
112,143.18,0.025
112,149.727,0.01
112,154.294,0.005
112,159.95,0.002
113,78.033,0.995
113,80.991,0.99
113,85.473,0.975
113,89.461,0.95
113,94.213,0.9
113,102.53,0.75
113,112.334,0.5
113,122.744,0.25
113,132.643,0.1
113,138.811,0.05
113,144.311,0.025
113,150.882,0.01
113,155.466,0.005
113,161.141,0.002
114,78.862,0.995
114,81.836,0.99
114,86.342,0.975
114,90.351,0.95
114,95.128,0.9
114,103.485,0.75
114,113.334,0.5
114,123.789,0.25
114,133.729,0.1
114,139.921,0.05
114,145.441,0.025
114,152.037,0.01
114,156.637,0.005
114,162.332,0.002
115,79.692,0.995
115,82.682,0.99
115,87.213,0.975
115,91.242,0.95
115,96.043,0.9
115,104.44,0.75
115,114.334,0.5
115,124.834,0.25
115,134.813,0.1
115,141.03,0.05
115,146.571,0.025
115,153.191,0.01
115,157.808,0.005
115,163.523,0.002
116,80.522,0.995
116,83.529,0.99
116,88.084,0.975
116,92.134,0.95
116,96.958,0.9
116,105.396,0.75
116,115.334,0.5
116,125.878,0.25
116,135.898,0.1
116,142.138,0.05
116,147.7,0.025
116,154.344,0.01
116,158.977,0.005
116,164.712,0.002
117,81.353,0.995
117,84.377,0.99
117,88.955,0.975
117,93.026,0.95
117,97.874,0.9
117,106.352,0.75
117,116.334,0.5
117,126.923,0.25
117,136.982,0.1
117,143.246,0.05
117,148.829,0.025
117,155.496,0.01
117,160.146,0.005
117,165.9,0.002
118,82.185,0.995
118,85.225,0.99
118,89.827,0.975
118,93.918,0.95
118,98.79,0.9
118,107.307,0.75
118,117.334,0.5
118,127.967,0.25
118,138.066,0.1
118,144.354,0.05
118,149.957,0.025
118,156.648,0.01
118,161.314,0.005
118,167.088,0.002
119,83.018,0.995
119,86.074,0.99
119,90.7,0.975
119,94.811,0.95
119,99.707,0.9
119,108.263,0.75
119,118.334,0.5
119,129.011,0.25
119,139.149,0.1
119,145.461,0.05
119,151.084,0.025
119,157.8,0.01
119,162.481,0.005
119,168.275,0.002
120,83.852,0.995
120,86.923,0.99
120,91.573,0.975
120,95.705,0.95
120,100.624,0.9
120,109.22,0.75
120,119.334,0.5
120,130.055,0.25
120,140.233,0.1
120,146.567,0.05
120,152.211,0.025
120,158.95,0.01
120,163.648,0.005
120,169.461,0.002
121,84.686,0.995
121,87.773,0.99
121,92.446,0.975
121,96.598,0.95
121,101.541,0.9
121,110.176,0.75
121,120.334,0.5
121,131.098,0.25
121,141.315,0.1
121,147.674,0.05
121,153.338,0.025
121,160.1,0.01
121,164.814,0.005
121,170.647,0.002
122,85.52,0.995
122,88.624,0.99
122,93.32,0.975
122,97.493,0.95
122,102.458,0.9
122,111.133,0.75
122,121.334,0.5
122,132.142,0.25
122,142.398,0.1
122,148.779,0.05
122,154.464,0.025
122,161.25,0.01
122,165.98,0.005
122,171.831,0.002
123,86.356,0.995
123,89.475,0.99
123,94.195,0.975
123,98.387,0.95
123,103.376,0.9
123,112.089,0.75
123,122.334,0.5
123,133.185,0.25
123,143.48,0.1
123,149.885,0.05
123,155.589,0.025
123,162.398,0.01
123,167.144,0.005
123,173.015,0.002
124,87.192,0.995
124,90.327,0.99
124,95.07,0.975
124,99.283,0.95
124,104.295,0.9
124,113.046,0.75
124,123.334,0.5
124,134.228,0.25
124,144.562,0.1
124,150.989,0.05
124,156.714,0.025
124,163.546,0.01
124,168.308,0.005
124,174.198,0.002
125,88.029,0.995
125,91.18,0.99
125,95.946,0.975
125,100.178,0.95
125,105.213,0.9
125,114.004,0.75
125,124.334,0.5
125,135.271,0.25
125,145.643,0.1
125,152.094,0.05
125,157.839,0.025
125,164.694,0.01
125,169.471,0.005
125,175.38,0.002
126,88.866,0.995
126,92.033,0.99
126,96.822,0.975
126,101.074,0.95
126,106.132,0.9
126,114.961,0.75
126,125.334,0.5
126,136.313,0.25
126,146.724,0.1
126,153.198,0.05
126,158.962,0.025
126,165.841,0.01
126,170.634,0.005
126,176.562,0.002
127,89.704,0.995
127,92.887,0.99
127,97.698,0.975
127,101.971,0.95
127,107.051,0.9
127,115.918,0.75
127,126.334,0.5
127,137.356,0.25
127,147.805,0.1
127,154.302,0.05
127,160.086,0.025
127,166.987,0.01
127,171.796,0.005
127,177.743,0.002
128,90.543,0.995
128,93.741,0.99
128,98.576,0.975
128,102.867,0.95
128,107.971,0.9
128,116.876,0.75
128,127.334,0.5
128,138.398,0.25
128,148.885,0.1
128,155.405,0.05
128,161.209,0.025
128,168.133,0.01
128,172.957,0.005
128,178.923,0.002
129,91.382,0.995
129,94.596,0.99
129,99.453,0.975
129,103.765,0.95
129,108.891,0.9
129,117.834,0.75
129,128.334,0.5
129,139.44,0.25
129,149.965,0.1
129,156.508,0.05
129,162.331,0.025
129,169.278,0.01
129,174.118,0.005
129,180.103,0.002
130,92.222,0.995
130,95.451,0.99
130,100.331,0.975
130,104.662,0.95
130,109.811,0.9
130,118.792,0.75
130,129.334,0.5
130,140.482,0.25
130,151.045,0.1
130,157.61,0.05
130,163.453,0.025
130,170.423,0.01
130,175.278,0.005
130,181.282,0.002
131,93.063,0.995
131,96.307,0.99
131,101.21,0.975
131,105.56,0.95
131,110.732,0.9
131,119.75,0.75
131,130.334,0.5
131,141.524,0.25
131,152.125,0.1
131,158.712,0.05
131,164.575,0.025
131,171.567,0.01
131,176.438,0.005
131,182.46,0.002
132,93.904,0.995
132,97.163,0.99
132,102.089,0.975
132,106.459,0.95
132,111.652,0.9
132,120.708,0.75
132,131.334,0.5
132,142.566,0.25
132,153.204,0.1
132,159.814,0.05
132,165.696,0.025
132,172.711,0.01
132,177.597,0.005
132,183.637,0.002
133,94.746,0.995
133,98.02,0.99
133,102.968,0.975
133,107.357,0.95
133,112.573,0.9
133,121.667,0.75
133,132.334,0.5
133,143.608,0.25
133,154.283,0.1
133,160.915,0.05
133,166.816,0.025
133,173.854,0.01
133,178.755,0.005
133,184.814,0.002
134,95.588,0.995
134,98.878,0.99
134,103.848,0.975
134,108.257,0.95
134,113.495,0.9
134,122.625,0.75
134,133.334,0.5
134,144.649,0.25
134,155.361,0.1
134,162.016,0.05
134,167.936,0.025
134,174.996,0.01
134,179.913,0.005
134,185.99,0.002
135,96.431,0.995
135,99.736,0.99
135,104.729,0.975
135,109.156,0.95
135,114.417,0.9
135,123.584,0.75
135,134.334,0.5
135,145.69,0.25
135,156.44,0.1
135,163.116,0.05
135,169.056,0.025
135,176.138,0.01
135,181.07,0.005
135,187.165,0.002
136,97.275,0.995
136,100.595,0.99
136,105.609,0.975
136,110.056,0.95
136,115.338,0.9
136,124.543,0.75
136,135.334,0.5
136,146.731,0.25
136,157.518,0.1
136,164.216,0.05
136,170.175,0.025
136,177.28,0.01
136,182.226,0.005
136,188.34,0.002
137,98.119,0.995
137,101.454,0.99
137,106.491,0.975
137,110.956,0.95
137,116.261,0.9
137,125.502,0.75
137,136.334,0.5
137,147.772,0.25
137,158.595,0.1
137,165.316,0.05
137,171.294,0.025
137,178.421,0.01
137,183.382,0.005
137,189.514,0.002
138,98.964,0.995
138,102.314,0.99
138,107.372,0.975
138,111.857,0.95
138,117.183,0.9
138,126.461,0.75
138,137.334,0.5
138,148.813,0.25
138,159.673,0.1
138,166.415,0.05
138,172.412,0.025
138,179.561,0.01
138,184.538,0.005
138,190.688,0.002
139,99.809,0.995
139,103.174,0.99
139,108.254,0.975
139,112.758,0.95
139,118.106,0.9
139,127.421,0.75
139,138.334,0.5
139,149.854,0.25
139,160.75,0.1
139,167.514,0.05
139,173.53,0.025
139,180.701,0.01
139,185.693,0.005
139,191.861,0.002
140,100.655,0.995
140,104.034,0.99
140,109.137,0.975
140,113.659,0.95
140,119.029,0.9
140,128.38,0.75
140,139.334,0.5
140,150.894,0.25
140,161.827,0.1
140,168.613,0.05
140,174.648,0.025
140,181.84,0.01
140,186.847,0.005
140,193.033,0.002
141,101.501,0.995
141,104.896,0.99
141,110.02,0.975
141,114.561,0.95
141,119.953,0.9
141,129.34,0.75
141,140.334,0.5
141,151.934,0.25
141,162.904,0.1
141,169.711,0.05
141,175.765,0.025
141,182.979,0.01
141,188.001,0.005
141,194.205,0.002
142,102.348,0.995
142,105.757,0.99
142,110.903,0.975
142,115.463,0.95
142,120.876,0.9
142,130.299,0.75
142,141.334,0.5
142,152.975,0.25
142,163.98,0.1
142,170.809,0.05
142,176.882,0.025
142,184.118,0.01
142,189.154,0.005
142,195.376,0.002
143,103.196,0.995
143,106.619,0.99
143,111.787,0.975
143,116.366,0.95
143,121.8,0.9
143,131.259,0.75
143,142.334,0.5
143,154.015,0.25
143,165.056,0.1
143,171.907,0.05
143,177.998,0.025
143,185.256,0.01
143,190.306,0.005
143,196.546,0.002
144,104.044,0.995
144,107.482,0.99
144,112.671,0.975
144,117.268,0.95
144,122.724,0.9
144,132.219,0.75
144,143.334,0.5
144,155.055,0.25
144,166.132,0.1
144,173.004,0.05
144,179.114,0.025
144,186.393,0.01
144,191.458,0.005
144,197.716,0.002
145,104.892,0.995
145,108.345,0.99
145,113.556,0.975
145,118.171,0.95
145,123.649,0.9
145,133.18,0.75
145,144.334,0.5
145,156.094,0.25
145,167.207,0.1
145,174.101,0.05
145,180.229,0.025
145,187.53,0.01
145,192.61,0.005
145,198.885,0.002
146,105.741,0.995
146,109.209,0.99
146,114.441,0.975
146,119.075,0.95
146,124.574,0.9
146,134.14,0.75
146,145.334,0.5
146,157.134,0.25
146,168.283,0.1
146,175.198,0.05
146,181.344,0.025
146,188.666,0.01
146,193.761,0.005
146,200.054,0.002
147,106.591,0.995
147,110.073,0.99
147,115.326,0.975
147,119.979,0.95
147,125.499,0.9
147,135.101,0.75
147,146.334,0.5
147,158.174,0.25
147,169.358,0.1
147,176.294,0.05
147,182.459,0.025
147,189.802,0.01
147,194.912,0.005
147,201.222,0.002
148,107.441,0.995
148,110.937,0.99
148,116.212,0.975
148,120.883,0.95
148,126.424,0.9
148,136.061,0.75
148,147.334,0.5
148,159.213,0.25
148,170.432,0.1
148,177.39,0.05
148,183.573,0.025
148,190.938,0.01
148,196.062,0.005
148,202.39,0.002
149,108.291,0.995
149,111.802,0.99
149,117.098,0.975
149,121.787,0.95
149,127.349,0.9
149,137.022,0.75
149,148.334,0.5
149,160.252,0.25
149,171.507,0.1
149,178.485,0.05
149,184.687,0.025
149,192.073,0.01
149,197.211,0.005
149,203.557,0.002
150,109.142,0.995
150,112.668,0.99
150,117.985,0.975
150,122.692,0.95
150,128.275,0.9
150,137.983,0.75
150,149.334,0.5
150,161.291,0.25
150,172.581,0.1
150,179.581,0.05
150,185.8,0.025
150,193.208,0.01
150,198.36,0.005
150,204.723,0.002
151,109.994,0.995
151,113.533,0.99
151,118.871,0.975
151,123.597,0.95
151,129.201,0.9
151,138.944,0.75
151,150.334,0.5
151,162.33,0.25
151,173.655,0.1
151,180.676,0.05
151,186.914,0.025
151,194.342,0.01
151,199.509,0.005
151,205.889,0.002
152,110.846,0.995
152,114.4,0.99
152,119.759,0.975
152,124.502,0.95
152,130.127,0.9
152,139.905,0.75
152,151.334,0.5
152,163.369,0.25
152,174.729,0.1
152,181.77,0.05
152,188.026,0.025
152,195.476,0.01
152,200.657,0.005
152,207.054,0.002
153,111.698,0.995
153,115.266,0.99
153,120.646,0.975
153,125.408,0.95
153,131.054,0.9
153,140.866,0.75
153,152.334,0.5
153,164.408,0.25
153,175.803,0.1
153,182.865,0.05
153,189.139,0.025
153,196.609,0.01
153,201.804,0.005
153,208.219,0.002
154,112.551,0.995
154,116.134,0.99
154,121.534,0.975
154,126.314,0.95
154,131.98,0.9
154,141.828,0.75
154,153.334,0.5
154,165.446,0.25
154,176.876,0.1
154,183.959,0.05
154,190.251,0.025
154,197.742,0.01
154,202.951,0.005
154,209.383,0.002
155,113.405,0.995
155,117.001,0.99
155,122.423,0.975
155,127.22,0.95
155,132.907,0.9
155,142.789,0.75
155,154.334,0.5
155,166.485,0.25
155,177.949,0.1
155,185.052,0.05
155,191.362,0.025
155,198.874,0.01
155,204.098,0.005
155,210.547,0.002
156,114.259,0.995
156,117.869,0.99
156,123.312,0.975
156,128.127,0.95
156,133.835,0.9
156,143.751,0.75
156,155.334,0.5
156,167.523,0.25
156,179.022,0.1
156,186.146,0.05
156,192.474,0.025
156,200.006,0.01
156,205.244,0.005
156,211.71,0.002
157,115.113,0.995
157,118.738,0.99
157,124.201,0.975
157,129.034,0.95
157,134.762,0.9
157,144.713,0.75
157,156.334,0.5
157,168.561,0.25
157,180.094,0.1
157,187.239,0.05
157,193.584,0.025
157,201.138,0.01
157,206.39,0.005
157,212.873,0.002
158,115.968,0.995
158,119.607,0.99
158,125.09,0.975
158,129.941,0.95
158,135.69,0.9
158,145.675,0.75
158,157.334,0.5
158,169.599,0.25
158,181.167,0.1
158,188.332,0.05
158,194.695,0.025
158,202.269,0.01
158,207.535,0.005
158,214.035,0.002
159,116.823,0.995
159,120.476,0.99
159,125.98,0.975
159,130.848,0.95
159,136.618,0.9
159,146.637,0.75
159,158.334,0.5
159,170.637,0.25
159,182.239,0.1
159,189.424,0.05
159,195.805,0.025
159,203.4,0.01
159,208.68,0.005
159,215.197,0.002
160,117.679,0.995
160,121.346,0.99
160,126.87,0.975
160,131.756,0.95
160,137.546,0.9
160,147.599,0.75
160,159.334,0.5
160,171.675,0.25
160,183.311,0.1
160,190.516,0.05
160,196.915,0.025
160,204.53,0.01
160,209.824,0.005
160,216.358,0.002
161,118.536,0.995
161,122.216,0.99
161,127.761,0.975
161,132.664,0.95
161,138.474,0.9
161,148.561,0.75
161,160.334,0.5
161,172.713,0.25
161,184.382,0.1
161,191.608,0.05
161,198.025,0.025
161,205.66,0.01
161,210.968,0.005
161,217.518,0.002
162,119.392,0.995
162,123.086,0.99
162,128.651,0.975
162,133.572,0.95
162,139.403,0.9
162,149.523,0.75
162,161.334,0.5
162,173.751,0.25
162,185.454,0.1
162,192.7,0.05
162,199.134,0.025
162,206.79,0.01
162,212.111,0.005
162,218.678,0.002
163,120.249,0.995
163,123.957,0.99
163,129.543,0.975
163,134.481,0.95
163,140.331,0.9
163,150.486,0.75
163,162.334,0.5
163,174.788,0.25
163,186.525,0.1
163,193.791,0.05
163,200.243,0.025
163,207.919,0.01
163,213.254,0.005
163,219.838,0.002
164,121.107,0.995
164,124.828,0.99
164,130.434,0.975
164,135.39,0.95
164,141.26,0.9
164,151.449,0.75
164,163.334,0.5
164,175.825,0.25
164,187.596,0.1
164,194.883,0.05
164,201.351,0.025
164,209.047,0.01
164,214.396,0.005
164,220.997,0.002
165,121.965,0.995
165,125.7,0.99
165,131.326,0.975
165,136.299,0.95
165,142.19,0.9
165,152.411,0.75
165,164.334,0.5
165,176.863,0.25
165,188.667,0.1
165,195.973,0.05
165,202.459,0.025
165,210.176,0.01
165,215.539,0.005
165,222.156,0.002
166,122.823,0.995
166,126.572,0.99
166,132.218,0.975
166,137.209,0.95
166,143.119,0.9
166,153.374,0.75
166,165.334,0.5
166,177.9,0.25
166,189.737,0.1
166,197.064,0.05
166,203.567,0.025
166,211.304,0.01
166,216.68,0.005
166,223.314,0.002
167,123.682,0.995
167,127.445,0.99
167,133.111,0.975
167,138.118,0.95
167,144.049,0.9
167,154.337,0.75
167,166.334,0.5
167,178.937,0.25
167,190.808,0.1
167,198.154,0.05
167,204.675,0.025
167,212.431,0.01
167,217.821,0.005
167,224.472,0.002
168,124.541,0.995
168,128.318,0.99
168,134.003,0.975
168,139.028,0.95
168,144.979,0.9
168,155.3,0.75
168,167.334,0.5
168,179.974,0.25
168,191.878,0.1
168,199.244,0.05
168,205.782,0.025
168,213.558,0.01
168,218.962,0.005
168,225.629,0.002
169,125.401,0.995
169,129.191,0.99
169,134.897,0.975
169,139.939,0.95
169,145.909,0.9
169,156.263,0.75
169,168.334,0.5
169,181.011,0.25
169,192.948,0.1
169,200.334,0.05
169,206.889,0.025
169,214.685,0.01
169,220.102,0.005
169,226.786,0.002
170,126.261,0.995
170,130.064,0.99
170,135.79,0.975
170,140.849,0.95
170,146.839,0.9
170,157.227,0.75
170,169.334,0.5
170,182.047,0.25
170,194.017,0.1
170,201.423,0.05
170,207.995,0.025
170,215.812,0.01
170,221.242,0.005
170,227.942,0.002
171,127.122,0.995
171,130.938,0.99
171,136.684,0.975
171,141.76,0.95
171,147.769,0.9
171,158.19,0.75
171,170.334,0.5
171,183.084,0.25
171,195.087,0.1
171,202.513,0.05
171,209.102,0.025
171,216.938,0.01
171,222.382,0.005
171,229.098,0.002
172,127.983,0.995
172,131.813,0.99
172,137.578,0.975
172,142.671,0.95
172,148.7,0.9
172,159.154,0.75
172,171.334,0.5
172,184.12,0.25
172,196.156,0.1
172,203.602,0.05
172,210.208,0.025
172,218.063,0.01
172,223.521,0.005
172,230.253,0.002
173,128.844,0.995
173,132.687,0.99
173,138.472,0.975
173,143.582,0.95
173,149.631,0.9
173,160.117,0.75
173,172.334,0.5
173,185.157,0.25
173,197.225,0.1
173,204.69,0.05
173,211.313,0.025
173,219.189,0.01
173,224.66,0.005
173,231.408,0.002
174,129.706,0.995
174,133.563,0.99
174,139.367,0.975
174,144.494,0.95
174,150.562,0.9
174,161.081,0.75
174,173.334,0.5
174,186.193,0.25
174,198.294,0.1
174,205.779,0.05
174,212.419,0.025
174,220.314,0.01
174,225.798,0.005
174,232.563,0.002
175,130.568,0.995
175,134.438,0.99
175,140.262,0.975
175,145.406,0.95
175,151.493,0.9
175,162.045,0.75
175,174.334,0.5
175,187.229,0.25
175,199.363,0.1
175,206.867,0.05
175,213.524,0.025
175,221.438,0.01
175,226.936,0.005
175,233.717,0.002
176,131.43,0.995
176,135.314,0.99
176,141.157,0.975
176,146.318,0.95
176,152.425,0.9
176,163.009,0.75
176,175.334,0.5
176,188.265,0.25
176,200.432,0.1
176,207.955,0.05
176,214.628,0.025
176,222.563,0.01
176,228.074,0.005
176,234.87,0.002
177,132.293,0.995
177,136.19,0.99
177,142.053,0.975
177,147.23,0.95
177,153.356,0.9
177,163.973,0.75
177,176.334,0.5
177,189.301,0.25
177,201.5,0.1
177,209.042,0.05
177,215.733,0.025
177,223.687,0.01
177,229.211,0.005
177,236.023,0.002
178,133.157,0.995
178,137.066,0.99
178,142.949,0.975
178,148.143,0.95
178,154.288,0.9
178,164.937,0.75
178,177.334,0.5
178,190.337,0.25
178,202.568,0.1
178,210.13,0.05
178,216.837,0.025
178,224.81,0.01
178,230.347,0.005
178,237.176,0.002
179,134.02,0.995
179,137.943,0.99
179,143.845,0.975
179,149.056,0.95
179,155.22,0.9
179,165.901,0.75
179,178.334,0.5
179,191.373,0.25
179,203.636,0.1
179,211.217,0.05
179,217.941,0.025
179,225.933,0.01
179,231.484,0.005
179,238.328,0.002
180,134.884,0.995
180,138.82,0.99
180,144.741,0.975
180,149.969,0.95
180,156.153,0.9
180,166.865,0.75
180,179.334,0.5
180,192.409,0.25
180,204.704,0.1
180,212.304,0.05
180,219.044,0.025
180,227.056,0.01
180,232.62,0.005
180,239.48,0.002
181,135.749,0.995
181,139.698,0.99
181,145.638,0.975
181,150.882,0.95
181,157.085,0.9
181,167.83,0.75
181,180.334,0.5
181,193.444,0.25
181,205.771,0.1
181,213.391,0.05
181,220.148,0.025
181,228.179,0.01
181,233.755,0.005
181,240.632,0.002
182,136.614,0.995
182,140.576,0.99
182,146.535,0.975
182,151.796,0.95
182,158.018,0.9
182,168.794,0.75
182,181.334,0.5
182,194.48,0.25
182,206.839,0.1
182,214.477,0.05
182,221.251,0.025
182,229.301,0.01
182,234.891,0.005
182,241.783,0.002
183,137.479,0.995
183,141.454,0.99
183,147.432,0.975
183,152.709,0.95
183,158.951,0.9
183,169.759,0.75
183,182.334,0.5
183,195.515,0.25
183,207.906,0.1
183,215.563,0.05
183,222.353,0.025
183,230.423,0.01
183,236.026,0.005
183,242.933,0.002
184,138.344,0.995
184,142.332,0.99
184,148.33,0.975
184,153.623,0.95
184,159.883,0.9
184,170.724,0.75
184,183.334,0.5
184,196.55,0.25
184,208.973,0.1
184,216.649,0.05
184,223.456,0.025
184,231.544,0.01
184,237.16,0.005
184,244.084,0.002
185,139.21,0.995
185,143.211,0.99
185,149.228,0.975
185,154.538,0.95
185,160.817,0.9
185,171.688,0.75
185,184.334,0.5
185,197.586,0.25
185,210.04,0.1
185,217.735,0.05
185,224.558,0.025
185,232.665,0.01
185,238.294,0.005
185,245.234,0.002
186,140.077,0.995
186,144.09,0.99
186,150.126,0.975
186,155.452,0.95
186,161.75,0.9
186,172.653,0.75
186,185.334,0.5
186,198.621,0.25
186,211.106,0.1
186,218.82,0.05
186,225.66,0.025
186,233.786,0.01
186,239.428,0.005
186,246.383,0.002
187,140.943,0.995
187,144.97,0.99
187,151.024,0.975
187,156.367,0.95
187,162.684,0.9
187,173.618,0.75
187,186.334,0.5
187,199.656,0.25
187,212.173,0.1
187,219.906,0.05
187,226.761,0.025
187,234.907,0.01
187,240.561,0.005
187,247.532,0.002
188,141.81,0.995
188,145.85,0.99
188,151.923,0.975
188,157.282,0.95
188,163.617,0.9
188,174.583,0.75
188,187.334,0.5
188,200.69,0.25
188,213.239,0.1
188,220.991,0.05
188,227.863,0.025
188,236.027,0.01
188,241.694,0.005
188,248.681,0.002
189,142.678,0.995
189,146.73,0.99
189,152.822,0.975
189,158.197,0.95
189,164.551,0.9
189,175.549,0.75
189,188.334,0.5
189,201.725,0.25
189,214.305,0.1
189,222.076,0.05
189,228.964,0.025
189,237.147,0.01
189,242.827,0.005
189,249.829,0.002
190,143.545,0.995
190,147.61,0.99
190,153.721,0.975
190,159.113,0.95
190,165.485,0.9
190,176.514,0.75
190,189.334,0.5
190,202.76,0.25
190,215.371,0.1
190,223.16,0.05
190,230.064,0.025
190,238.266,0.01
190,243.959,0.005
190,250.977,0.002
191,144.413,0.995
191,148.491,0.99
191,154.621,0.975
191,160.028,0.95
191,166.419,0.9
191,177.479,0.75
191,190.334,0.5
191,203.795,0.25
191,216.437,0.1
191,224.245,0.05
191,231.165,0.025
191,239.386,0.01
191,245.091,0.005
191,252.124,0.002
192,145.282,0.995
192,149.372,0.99
192,155.521,0.975
192,160.944,0.95
192,167.354,0.9
192,178.445,0.75
192,191.334,0.5
192,204.829,0.25
192,217.502,0.1
192,225.329,0.05
192,232.265,0.025
192,240.505,0.01
192,246.223,0.005
192,253.271,0.002
193,146.15,0.995
193,150.254,0.99
193,156.421,0.975
193,161.86,0.95
193,168.288,0.9
193,179.41,0.75
193,192.334,0.5
193,205.864,0.25
193,218.568,0.1
193,226.413,0.05
193,233.365,0.025
193,241.623,0.01
193,247.354,0.005
193,254.418,0.002
194,147.02,0.995
194,151.135,0.99
194,157.321,0.975
194,162.776,0.95
194,169.223,0.9
194,180.376,0.75
194,193.334,0.5
194,206.898,0.25
194,219.633,0.1
194,227.496,0.05
194,234.465,0.025
194,242.742,0.01
194,248.485,0.005
194,255.564,0.002
195,147.889,0.995
195,152.017,0.99
195,158.221,0.975
195,163.693,0.95
195,170.158,0.9
195,181.342,0.75
195,194.334,0.5
195,207.932,0.25
195,220.698,0.1
195,228.58,0.05
195,235.564,0.025
195,243.86,0.01
195,249.616,0.005
195,256.71,0.002
196,148.759,0.995
196,152.9,0.99
196,159.122,0.975
196,164.61,0.95
196,171.093,0.9
196,182.308,0.75
196,195.334,0.5
196,208.966,0.25
196,221.763,0.1
196,229.663,0.05
196,236.664,0.025
196,244.977,0.01
196,250.746,0.005
196,257.855,0.002
197,149.629,0.995
197,153.782,0.99
197,160.023,0.975
197,165.527,0.95
197,172.029,0.9
197,183.273,0.75
197,196.334,0.5
197,210,0.25
197,222.828,0.1
197,230.746,0.05
197,237.763,0.025
197,246.095,0.01
197,251.876,0.005
197,259.001,0.002
198,150.499,0.995
198,154.665,0.99
198,160.925,0.975
198,166.444,0.95
198,172.964,0.9
198,184.239,0.75
198,197.334,0.5
198,211.034,0.25
198,223.892,0.1
198,231.829,0.05
198,238.861,0.025
198,247.212,0.01
198,253.006,0.005
198,260.145,0.002
199,151.37,0.995
199,155.548,0.99
199,161.826,0.975
199,167.361,0.95
199,173.9,0.9
199,185.205,0.75
199,198.334,0.5
199,212.068,0.25
199,224.957,0.1
199,232.912,0.05
199,239.96,0.025
199,248.329,0.01
199,254.135,0.005
199,261.29,0.002
200,152.241,0.995
200,156.432,0.99
200,162.728,0.975
200,168.279,0.95
200,174.835,0.9
200,186.172,0.75
200,199.334,0.5
200,213.102,0.25
200,226.021,0.1
200,233.994,0.05
200,241.058,0.025
200,249.445,0.01
200,255.264,0.005
200,262.434,0.002
201,153.112,0.995
201,157.316,0.99
201,163.63,0.975
201,169.196,0.95
201,175.771,0.9
201,187.138,0.75
201,200.334,0.5
201,214.136,0.25
201,227.085,0.1
201,235.077,0.05
201,242.156,0.025
201,250.561,0.01
201,256.393,0.005
201,263.578,0.002
202,153.984,0.995
202,158.2,0.99
202,164.532,0.975
202,170.114,0.95
202,176.707,0.9
202,188.104,0.75
202,201.334,0.5
202,215.17,0.25
202,228.149,0.1
202,236.159,0.05
202,243.254,0.025
202,251.677,0.01
202,257.521,0.005
202,264.721,0.002
203,154.856,0.995
203,159.084,0.99
203,165.435,0.975
203,171.032,0.95
203,177.643,0.9
203,189.071,0.75
203,202.334,0.5
203,216.203,0.25
203,229.213,0.1
203,237.24,0.05
203,244.351,0.025
203,252.793,0.01
203,258.649,0.005
203,265.864,0.002
204,155.728,0.995
204,159.969,0.99
204,166.338,0.975
204,171.951,0.95
204,178.58,0.9
204,190.037,0.75
204,203.334,0.5
204,217.237,0.25
204,230.276,0.1
204,238.322,0.05
204,245.448,0.025
204,253.908,0.01
204,259.777,0.005
204,267.007,0.002
205,156.601,0.995
205,160.854,0.99
205,167.241,0.975
205,172.869,0.95
205,179.516,0.9
205,191.004,0.75
205,204.334,0.5
205,218.27,0.25
205,231.34,0.1
205,239.403,0.05
205,246.545,0.025
205,255.023,0.01
205,260.904,0.005
205,268.149,0.002
206,157.474,0.995
206,161.739,0.99
206,168.144,0.975
206,173.788,0.95
206,180.453,0.9
206,191.97,0.75
206,205.334,0.5
206,219.303,0.25
206,232.403,0.1
206,240.485,0.05
206,247.642,0.025
206,256.138,0.01
206,262.031,0.005
206,269.291,0.002
207,158.347,0.995
207,162.624,0.99
207,169.047,0.975
207,174.707,0.95
207,181.39,0.9
207,192.937,0.75
207,206.334,0.5
207,220.337,0.25
207,233.466,0.1
207,241.566,0.05
207,248.739,0.025
207,257.253,0.01
207,263.158,0.005
207,270.432,0.002
208,159.221,0.995
208,163.51,0.99
208,169.951,0.975
208,175.626,0.95
208,182.327,0.9
208,193.904,0.75
208,207.334,0.5
208,221.37,0.25
208,234.529,0.1
208,242.647,0.05
208,249.835,0.025
208,258.367,0.01
208,264.285,0.005
208,271.574,0.002
209,160.095,0.995
209,164.396,0.99
209,170.855,0.975
209,176.546,0.95
209,183.264,0.9
209,194.871,0.75
209,208.334,0.5
209,222.403,0.25
209,235.592,0.1
209,243.727,0.05
209,250.931,0.025
209,259.481,0.01
209,265.411,0.005
209,272.715,0.002
210,160.969,0.995
210,165.283,0.99
210,171.759,0.975
210,177.465,0.95
210,184.201,0.9
210,195.838,0.75
210,209.334,0.5
210,223.436,0.25
210,236.655,0.1
210,244.808,0.05
210,252.027,0.025
210,260.595,0.01
210,266.537,0.005
210,273.855,0.002
211,161.843,0.995
211,166.169,0.99
211,172.664,0.975
211,178.385,0.95
211,185.139,0.9
211,196.805,0.75
211,210.334,0.5
211,224.469,0.25
211,237.717,0.1
211,245.888,0.05
211,253.122,0.025
211,261.708,0.01
211,267.662,0.005
211,274.995,0.002
212,162.718,0.995
212,167.056,0.99
212,173.568,0.975
212,179.305,0.95
212,186.076,0.9
212,197.772,0.75
212,211.334,0.5
212,225.502,0.25
212,238.78,0.1
212,246.968,0.05
212,254.218,0.025
212,262.821,0.01
212,268.788,0.005
212,276.135,0.002
213,163.593,0.995
213,167.943,0.99
213,174.473,0.975
213,180.225,0.95
213,187.014,0.9
213,198.739,0.75
213,212.334,0.5
213,226.534,0.25
213,239.842,0.1
213,248.048,0.05
213,255.313,0.025
213,263.934,0.01
213,269.912,0.005
213,277.275,0.002
214,164.469,0.995
214,168.831,0.99
214,175.378,0.975
214,181.145,0.95
214,187.952,0.9
214,199.707,0.75
214,213.334,0.5
214,227.567,0.25
214,240.904,0.1
214,249.128,0.05
214,256.408,0.025
214,265.047,0.01
214,271.037,0.005
214,278.414,0.002
215,165.344,0.995
215,169.718,0.99
215,176.283,0.975
215,182.066,0.95
215,188.89,0.9
215,200.674,0.75
215,214.334,0.5
215,228.6,0.25
215,241.966,0.1
215,250.207,0.05
215,257.503,0.025
215,266.159,0.01
215,272.162,0.005
215,279.553,0.002
216,166.22,0.995
216,170.606,0.99
216,177.189,0.975
216,182.987,0.95
216,189.828,0.9
216,201.642,0.75
216,215.334,0.5
216,229.632,0.25
216,243.028,0.1
216,251.286,0.05
216,258.597,0.025
216,267.271,0.01
216,273.286,0.005
216,280.692,0.002
217,167.096,0.995
217,171.494,0.99
217,178.095,0.975
217,183.907,0.95
217,190.767,0.9
217,202.609,0.75
217,216.334,0.5
217,230.665,0.25
217,244.09,0.1
217,252.365,0.05
217,259.691,0.025
217,268.383,0.01
217,274.409,0.005
217,281.83,0.002
218,167.973,0.995
218,172.383,0.99
218,179.001,0.975
218,184.828,0.95
218,191.705,0.9
218,203.577,0.75
218,217.334,0.5
218,231.697,0.25
218,245.151,0.1
218,253.444,0.05
218,260.785,0.025
218,269.495,0.01
218,275.533,0.005
218,282.968,0.002
219,168.85,0.995
219,173.271,0.99
219,179.907,0.975
219,185.75,0.95
219,192.644,0.9
219,204.544,0.75
219,218.334,0.5
219,232.729,0.25
219,246.213,0.1
219,254.523,0.05
219,261.879,0.025
219,270.606,0.01
219,276.656,0.005
219,284.106,0.002
220,169.727,0.995
220,174.16,0.99
220,180.813,0.975
220,186.671,0.95
220,193.582,0.9
220,205.512,0.75
220,219.334,0.5
220,233.762,0.25
220,247.274,0.1
220,255.602,0.05
220,262.973,0.025
220,271.717,0.01
220,277.779,0.005
220,285.243,0.002
221,170.604,0.995
221,175.05,0.99
221,181.72,0.975
221,187.593,0.95
221,194.521,0.9
221,206.48,0.75
221,220.334,0.5
221,234.794,0.25
221,248.335,0.1
221,256.68,0.05
221,264.066,0.025
221,272.828,0.01
221,278.902,0.005
221,286.38,0.002
222,171.482,0.995
222,175.939,0.99
222,182.627,0.975
222,188.514,0.95
222,195.46,0.9
222,207.448,0.75
222,221.334,0.5
222,235.826,0.25
222,249.396,0.1
222,257.758,0.05
222,265.159,0.025
222,273.939,0.01
222,280.024,0.005
222,287.517,0.002
223,172.36,0.995
223,176.829,0.99
223,183.534,0.975
223,189.436,0.95
223,196.4,0.9
223,208.416,0.75
223,222.334,0.5
223,236.858,0.25
223,250.457,0.1
223,258.837,0.05
223,266.252,0.025
223,275.049,0.01
223,281.146,0.005
223,288.653,0.002
224,173.238,0.995
224,177.719,0.99
224,184.441,0.975
224,190.359,0.95
224,197.339,0.9
224,209.384,0.75
224,223.334,0.5
224,237.89,0.25
224,251.517,0.1
224,259.914,0.05
224,267.345,0.025
224,276.159,0.01
224,282.268,0.005
224,289.789,0.002
225,174.116,0.995
225,178.609,0.99
225,185.348,0.975
225,191.281,0.95
225,198.278,0.9
225,210.352,0.75
225,224.334,0.5
225,238.922,0.25
225,252.578,0.1
225,260.992,0.05
225,268.438,0.025
225,277.269,0.01
225,283.39,0.005
225,290.925,0.002
226,174.995,0.995
226,179.499,0.99
226,186.256,0.975
226,192.203,0.95
226,199.218,0.9
226,211.32,0.75
226,225.334,0.5
226,239.954,0.25
226,253.638,0.1
226,262.07,0.05
226,269.53,0.025
226,278.379,0.01
226,284.511,0.005
226,292.061,0.002
227,175.874,0.995
227,180.39,0.99
227,187.164,0.975
227,193.126,0.95
227,200.158,0.9
227,212.288,0.75
227,226.334,0.5
227,240.985,0.25
227,254.699,0.1
227,263.147,0.05
227,270.622,0.025
227,279.488,0.01
227,285.632,0.005
227,293.196,0.002
228,176.753,0.995
228,181.281,0.99
228,188.072,0.975
228,194.049,0.95
228,201.097,0.9
228,213.257,0.75
228,227.334,0.5
228,242.017,0.25
228,255.759,0.1
228,264.224,0.05
228,271.714,0.025
228,280.597,0.01
228,286.753,0.005
228,294.331,0.002
229,177.633,0.995
229,182.172,0.99
229,188.98,0.975
229,194.972,0.95
229,202.037,0.9
229,214.225,0.75
229,228.334,0.5
229,243.049,0.25
229,256.819,0.1
229,265.301,0.05
229,272.806,0.025
229,281.706,0.01
229,287.874,0.005
229,295.465,0.002
230,178.512,0.995
230,183.063,0.99
230,189.889,0.975
230,195.895,0.95
230,202.978,0.9
230,215.194,0.75
230,229.334,0.5
230,244.08,0.25
230,257.879,0.1
230,266.378,0.05
230,273.898,0.025
230,282.814,0.01
230,288.994,0.005
230,296.6,0.002
231,179.392,0.995
231,183.955,0.99
231,190.797,0.975
231,196.818,0.95
231,203.918,0.9
231,216.162,0.75
231,230.334,0.5
231,245.112,0.25
231,258.939,0.1
231,267.455,0.05
231,274.989,0.025
231,283.923,0.01
231,290.114,0.005
231,297.734,0.002
232,180.273,0.995
232,184.847,0.99
232,191.706,0.975
232,197.742,0.95
232,204.858,0.9
232,217.131,0.75
232,231.334,0.5
232,246.143,0.25
232,259.998,0.1
232,268.531,0.05
232,276.08,0.025
232,285.031,0.01
232,291.234,0.005
232,298.867,0.002
233,181.153,0.995
233,185.739,0.99
233,192.615,0.975
233,198.665,0.95
233,205.799,0.9
233,218.099,0.75
233,232.334,0.5
233,247.174,0.25
233,261.058,0.1
233,269.608,0.05
233,277.171,0.025
233,286.139,0.01
233,292.353,0.005
233,300.001,0.002
234,182.034,0.995
234,186.631,0.99
234,193.524,0.975
234,199.589,0.95
234,206.739,0.9
234,219.068,0.75
234,233.334,0.5
234,248.206,0.25
234,262.117,0.1
234,270.684,0.05
234,278.262,0.025
234,287.247,0.01
234,293.472,0.005
234,301.134,0.002
235,182.915,0.995
235,187.524,0.99
235,194.434,0.975
235,200.513,0.95
235,207.68,0.9
235,220.037,0.75
235,234.334,0.5
235,249.237,0.25
235,263.176,0.1
235,271.76,0.05
235,279.352,0.025
235,288.354,0.01
235,294.591,0.005
235,302.267,0.002
236,183.796,0.995
236,188.417,0.99
236,195.343,0.975
236,201.437,0.95
236,208.621,0.9
236,221.006,0.75
236,235.334,0.5
236,250.268,0.25
236,264.235,0.1
236,272.836,0.05
236,280.443,0.025
236,289.461,0.01
236,295.71,0.005
236,303.4,0.002
237,184.678,0.995
237,189.31,0.99
237,196.253,0.975
237,202.362,0.95
237,209.562,0.9
237,221.975,0.75
237,236.334,0.5
237,251.299,0.25
237,265.294,0.1
237,273.911,0.05
237,281.533,0.025
237,290.568,0.01
237,296.828,0.005
237,304.532,0.002
238,185.56,0.995
238,190.203,0.99
238,197.163,0.975
238,203.286,0.95
238,210.503,0.9
238,222.944,0.75
238,237.334,0.5
238,252.33,0.25
238,266.353,0.1
238,274.987,0.05
238,282.623,0.025
238,291.675,0.01
238,297.947,0.005
238,305.664,0.002
239,186.442,0.995
239,191.096,0.99
239,198.073,0.975
239,204.211,0.95
239,211.444,0.9
239,223.913,0.75
239,238.334,0.5
239,253.361,0.25
239,267.412,0.1
239,276.062,0.05
239,283.713,0.025
239,292.782,0.01
239,299.065,0.005
239,306.796,0.002
240,187.324,0.995
240,191.99,0.99
240,198.984,0.975
240,205.135,0.95
240,212.386,0.9
240,224.882,0.75
240,239.334,0.5
240,254.392,0.25
240,268.471,0.1
240,277.138,0.05
240,284.802,0.025
240,293.888,0.01
240,300.182,0.005
240,307.927,0.002
241,188.207,0.995
241,192.884,0.99
241,199.894,0.975
241,206.06,0.95
241,213.327,0.9
241,225.851,0.75
241,240.334,0.5
241,255.423,0.25
241,269.529,0.1
241,278.213,0.05
241,285.892,0.025
241,294.994,0.01
241,301.3,0.005
241,309.058,0.002
242,189.09,0.995
242,193.778,0.99
242,200.805,0.975
242,206.985,0.95
242,214.269,0.9
242,226.82,0.75
242,241.334,0.5
242,256.453,0.25
242,270.588,0.1
242,279.288,0.05
242,286.981,0.025
242,296.1,0.01
242,302.417,0.005
242,310.189,0.002
243,189.973,0.995
243,194.672,0.99
243,201.716,0.975
243,207.911,0.95
243,215.21,0.9
243,227.79,0.75
243,242.334,0.5
243,257.484,0.25
243,271.646,0.1
243,280.362,0.05
243,288.07,0.025
243,297.206,0.01
243,303.534,0.005
243,311.32,0.002
244,190.856,0.995
244,195.567,0.99
244,202.627,0.975
244,208.836,0.95
244,216.152,0.9
244,228.759,0.75
244,243.334,0.5
244,258.515,0.25
244,272.704,0.1
244,281.437,0.05
244,289.159,0.025
244,298.311,0.01
244,304.651,0.005
244,312.45,0.002
245,191.739,0.995
245,196.462,0.99
245,203.539,0.975
245,209.762,0.95
245,217.094,0.9
245,229.729,0.75
245,244.334,0.5
245,259.545,0.25
245,273.762,0.1
245,282.511,0.05
245,290.248,0.025
245,299.417,0.01
245,305.767,0.005
245,313.58,0.002
246,192.623,0.995
246,197.357,0.99
246,204.45,0.975
246,210.687,0.95
246,218.036,0.9
246,230.698,0.75
246,245.334,0.5
246,260.576,0.25
246,274.82,0.1
246,283.586,0.05
246,291.336,0.025
246,300.522,0.01
246,306.883,0.005
246,314.71,0.002
247,193.507,0.995
247,198.252,0.99
247,205.362,0.975
247,211.613,0.95
247,218.979,0.9
247,231.668,0.75
247,246.334,0.5
247,261.606,0.25
247,275.878,0.1
247,284.66,0.05
247,292.425,0.025
247,301.626,0.01
247,307.999,0.005
247,315.84,0.002
248,194.391,0.995
248,199.147,0.99
248,206.274,0.975
248,212.539,0.95
248,219.921,0.9
248,232.637,0.75
248,247.334,0.5
248,262.636,0.25
248,276.935,0.1
248,285.734,0.05
248,293.513,0.025
248,302.731,0.01
248,309.115,0.005
248,316.969,0.002
249,195.276,0.995
249,200.043,0.99
249,207.186,0.975
249,213.465,0.95
249,220.863,0.9
249,233.607,0.75
249,248.334,0.5
249,263.667,0.25
249,277.993,0.1
249,286.808,0.05
249,294.601,0.025
249,303.835,0.01
249,310.231,0.005
249,318.098,0.002
250,196.161,0.995
250,200.939,0.99
250,208.098,0.975
250,214.392,0.95
250,221.806,0.9
250,234.577,0.75
250,249.334,0.5
250,264.697,0.25
250,279.05,0.1
250,287.882,0.05
250,295.689,0.025
250,304.94,0.01
250,311.346,0.005
250,319.227,0.002
300,240.663,0.995
300,245.972,0.99
300,253.912,0.975
300,260.878,0.95
300,269.068,0.9
300,283.135,0.75
300,299.334,0.5
300,316.138,0.25
300,331.789,0.1
300,341.395,0.05
300,349.874,0.025
300,359.906,0.01
300,366.844,0.005
300,375.369,0.002
350,285.608,0.995
350,291.406,0.99
350,300.064,0.975
350,307.648,0.95
350,316.55,0.9
350,331.81,0.75
350,349.334,0.5
350,367.464,0.25
350,384.306,0.1
350,394.626,0.05
350,403.723,0.025
350,414.474,0.01
350,421.9,0.005
350,431.017,0.002
400,330.903,0.995
400,337.155,0.99
400,346.482,0.975
400,354.641,0.95
400,364.207,0.9
400,380.577,0.75
400,399.334,0.5
400,418.697,0.25
400,436.649,0.1
400,447.632,0.05
400,457.305,0.025
400,468.724,0.01
400,476.606,0.005
400,486.274,0.002
450,376.483,0.995
450,383.163,0.99
450,393.118,0.975
450,401.817,0.95
450,412.007,0.9
450,429.418,0.75
450,449.334,0.5
450,469.855,0.25
450,488.849,0.1
450,500.456,0.05
450,510.67,0.025
450,522.717,0.01
450,531.026,0.005
450,541.212,0.002
500,422.303,0.995
500,429.388,0.99
500,439.936,0.975
500,449.147,0.95
500,459.926,0.9
500,478.323,0.75
500,499.333,0.5
500,520.95,0.25
500,540.93,0.1
500,553.127,0.05
500,563.852,0.025
500,576.493,0.01
500,585.207,0.005
500,595.882,0.002
550,468.328,0.995
550,475.796,0.99
550,486.91,0.975
550,496.607,0.95
550,507.947,0.9
550,527.281,0.75
550,549.333,0.5
550,571.992,0.25
550,592.909,0.1
550,605.667,0.05
550,616.878,0.025
550,630.084,0.01
550,639.183,0.005
550,650.324,0.002
600,514.529,0.995
600,522.365,0.99
600,534.019,0.975
600,544.18,0.95
600,556.056,0.9
600,576.286,0.75
600,599.333,0.5
600,622.988,0.25
600,644.8,0.1
600,658.094,0.05
600,669.769,0.025
600,683.516,0.01
600,692.982,0.005
600,704.568,0.002
650,560.885,0.995
650,569.074,0.99
650,581.245,0.975
650,591.853,0.95
650,604.242,0.9
650,625.331,0.75
650,649.333,0.5
650,673.942,0.25
650,696.614,0.1
650,710.421,0.05
650,722.542,0.025
650,736.807,0.01
650,746.625,0.005
650,758.639,0.002
700,607.38,0.995
700,615.907,0.99
700,628.577,0.975
700,639.613,0.95
700,652.497,0.9
700,674.413,0.75
700,699.333,0.5
700,724.861,0.25
700,748.359,0.1
700,762.661,0.05
700,775.211,0.025
700,789.974,0.01
700,800.131,0.005
700,812.556,0.002
750,653.997,0.995
750,662.852,0.99
750,676.003,0.975
750,687.452,0.95
750,700.814,0.9
750,723.526,0.75
750,749.333,0.5
750,775.747,0.25
750,800.043,0.1
750,814.822,0.05
750,827.785,0.025
750,843.029,0.01
750,853.514,0.005
750,866.336,0.002
800,700.725,0.995
800,709.897,0.99
800,723.513,0.975
800,735.362,0.95
800,749.185,0.9
800,772.669,0.75
800,799.333,0.5
800,826.604,0.25
800,851.671,0.1
800,866.911,0.05
800,880.275,0.025
800,895.984,0.01
800,906.786,0.005
800,919.991,0.002
850,747.554,0.995
850,757.033,0.99
850,771.099,0.975
850,783.337,0.95
850,797.607,0.9
850,821.839,0.75
850,849.333,0.5
850,877.435,0.25
850,903.249,0.1
850,918.937,0.05
850,932.689,0.025
850,948.848,0.01
850,959.957,0.005
850,973.534,0.002
900,794.475,0.995
900,804.252,0.99
900,818.756,0.975
900,831.37,0.95
900,846.075,0.9
900,871.032,0.75
900,899.333,0.5
900,928.241,0.25
900,954.782,0.1
900,970.904,0.05
900,985.032,0.025
900,1001.63,0.01
900,1013.036,0.005
900,1026.974,0.002
950,841.48,0.995
950,851.547,0.99
950,866.477,0.975
950,879.457,0.95
950,894.584,0.9
950,920.248,0.75
950,949.333,0.5
950,979.026,0.25
950,1006.272,0.1
950,1022.816,0.05
950,1037.311,0.025
950,1054.334,0.01
950,1066.031,0.005
950,1080.32,0.002
1000,888.564,0.995
1000,898.912,0.99
1000,914.257,0.975
1000,927.594,0.95
1000,943.133,0.9
1000,969.484,0.75
1000,999.333,0.5
1000,1029.79,0.25
1000,1057.724,0.1
1000,1074.679,0.05
1000,1089.531,0.025
1000,1106.969,0.01
1000,1118.948,0.005
1000,1133.579,0.002
