A,B,C,D,E,a,b,c,d,e
140.8117793,103.5622132,76.43778675,97.15667449,122.0315462,32.71835922,43.12744666,80.14335134,80.0938295,57.68428194
167.4372991,75.10332477,104.8966752,79.811048,112.7516529,29.26350897,69.76939344,56.40263141,92.48500991,48.91332756
123.7701996,92.25717019,87.74282981,123.4781475,112.7516529,29.26350897,71.97485635,65.17497751,63.8267594,48.91332756
170.5678504,66.7046627,113.2953373,56.02110975,133.4110398,39.15520196,49.13376264,73.00783369,99.75642717,73.12615871
131.5871045,103.9789009,76.02109911,123.2439848,105.1689107,61.16745079,26.77604006,131.2362703,45.59163577,97.56710276
132.524614,109.8383166,70.16168338,149.4631385,78.01224749,85.68230294,36.45584275,128.9990886,39.49382964,114.5396854
134.903152,66.00322271,113.9967773,115.4992562,109.5975917,28.33220208,82.8,67.86574983,55.2,46.45767431
147.8288555,124.5396318,55.46036818,90.13959828,122.0315462,32.71835922,24.28599876,91.17625823,103.5350474,57.68428194
151.7122317,82.93044923,97.06955077,76.47373612,131.8140322,38.04789395,38.10511777,87.26598136,77.36493607,70.52787994
110.6102315,124.5112969,55.4887031,144.2208578,105.1689107,61.16745079,29.83402462,138.7067177,50.79847435,97.56710276
153.7122317,81.3509045,98.6490955,74.47373612,131.8140322,38.04789395,38.91288731,85.78031324,79.00495303,70.52787994
109.4808816,84.08442248,95.91557752,144.3465407,106.1725777,27.43040006,95.90664096,51.80095638,63.93776064,44.03129312
142.1726187,64.29390109,115.7060989,109.4699391,108.3574422,54.58696774,62.73247285,130.1000254,19.81025458,88.82618311
146.7122317,87.00175325,92.99824675,81.47373612,131.8140322,38.04789395,36.41147133,90.75500999,73.92632057,70.52787994
100.5417938,137.315201,42.68479899,157.6666662,101.7915399,59.4441319,37.90649549,138.2140716,64.54349231,92.79990227
119.9845552,95.68640697,84.31359303,162.0031973,78.01224749,114.5396854,42.53004234,126.3039805,30.79761687,85.68230294
120.4553985,81.56792459,98.43207541,119.9179053,119.6266962,31.70359845,74.00310052,75.95519472,51.42588341,55.15475896
139.5261135,96.205089,83.794911,115.3049758,105.1689107,61.16745079,26.6589586,128.6627602,45.39228086,97.56710276
153.0710145,74.13390488,105.8660951,98.5715433,108.3574422,54.58696774,41.26383489,117.0135391,44.70248779,88.82618311
129.1123609,71.92767785,108.0723221,111.2609429,119.6266962,31.70359845,74.4,79.94398039,49.6,55.15475896
118.5140241,82.60554112,97.39445888,128.734323,112.7516529,29.26350897,81.69788268,64.40458811,56.77310491,48.91332756
152.7122317,82.13666744,97.86333256,75.47373612,131.8140322,38.04789395,38.49890211,86.53035593,78.16443761,70.52787994
158.3756449,70.54769095,109.4523091,135.195345,66.42901007,102.7251529,56.19996677,135.6521298,15.85127268,127.7902169
142.1726187,68.35180913,111.6481909,109.4699391,108.3574422,54.58696774,57.7799092,126.1198044,24.76281823,88.82618311
158.3756449,83.98722274,96.01277726,135.195345,66.42901007,102.7251529,40.34869409,128.6165486,31.70254536,127.7902169
140.8117793,139.2012658,40.79873422,97.15667449,122.0315462,32.71835922,7.39327657,119.235018,115.8279996,57.68428194
125.0966506,76.94584563,103.0541544,122.1516965,112.7516529,29.26350897,79.84025946,67.08877236,55.4822142,48.91332756
119.9845552,95.02366941,84.97633059,162.0031973,78.01224749,114.5396854,43.26331893,126.1671092,30.06434028,85.68230294
138.232362,62.76320888,117.2367911,115.5950603,106.1725777,27.43040006,85.22616752,65.21281428,56.81744501,44.03129312
140.8117793,71.83258794,108.1674121,97.15667449,122.0315462,32.71835922,65.30727636,81.9961699,57.91399979,57.68428194
119.9845552,94.35958142,85.64041858,162.0031973,78.01224749,114.5396854,43.99659553,126.0471536,29.33106368,85.68230294
119.041762,123.3129359,56.68706411,162.9459905,78.01224749,85.68230294,40.77104368,129.8344991,44.16863066,114.5396854
147.407356,61.20730541,118.7926946,145.2580746,67.33456934,102.8223472,67.38341813,116.6578762,30.27370959,82.20784537
138.8054443,96.91051448,83.08948552,116.025645,105.1689107,61.16745079,26.64841915,128.8959536,45.37433531,97.56710276
140.8117793,138.4152381,41.58476186,97.15667449,122.0315462,32.71835922,8.625489331,117.3804701,114.5957868,57.68428194
125.4827071,74.92545925,105.0745407,95.00377162,139.5135213,44.26410172,46.54593946,124.9201952,32.34548335,84.90119118
121.2320057,85.91301253,94.08698747,166.7801034,71.98789095,107.5621064,60.89512581,111.3719134,27.35867971,83.58538058
126.8603906,115.499288,64.50071201,155.1273619,78.01224749,85.68230294,37.89666472,129.3278004,41.05472012,114.5396854
165.54706,69.6903067,110.3096933,61.04190017,133.4110398,39.15520196,44.67051771,78.64539542,90.69468747,73.12615871
132.2610335,105.2037733,74.7962267,113.5030141,114.2359524,29.73936397,56.76,70.4663778,75.24,50.15078949
149.0117606,55.78711473,124.2128853,98.23658654,112.7516529,29.26350897,82.20437128,76.75813329,57.12507157,48.91332756
158.3756449,93.64256608,86.35743392,135.195345,66.42901007,102.7251529,29.54100818,128.1678966,42.51023128,127.7902169
155.3913283,85.55531908,94.44468092,91.85701878,112.7516529,29.26350897,62.26792086,61.25772736,82.54119742,48.91332756
163.9340148,78.07488057,101.9251194,83.31433228,112.7516529,29.26350897,67.09549617,57.92941867,88.94054144,48.91332756
160.3337248,81.19322647,98.80677353,86.91462229,112.7516529,29.26350897,64.7958492,59.39099926,85.89217219,48.91332756
108.2182845,84.85413961,95.14586039,145.6091378,106.1725777,27.43040006,97.03527312,51.1318935,64.69018208,44.03129312
139.5261135,101.866298,78.13370204,115.3049758,105.1689107,61.16745079,20.17434705,130.7020614,51.87689241,97.56710276
125.2823676,134.2318016,45.76819836,112.6860861,122.0315462,32.71835922,22.82000988,111.5523035,97.28530527,57.68428194
139.6290729,62.29945924,117.7005408,98.33938083,122.0315462,32.71835922,73.59412066,88.39854646,49.0627471,57.68428194
140.8117793,117.7406798,62.25932017,97.15667449,122.0315462,32.71835922,32.0375318,88.02604015,91.18374436,57.68428194
158.3756449,77.08773343,102.9122666,135.195345,66.42901007,102.7251529,48.27433043,131.227267,23.77690902,127.7902169
103.6505192,118.6017852,132.0654506,61.39821477,124.2840302,89.14780126,25.29014521,110.9052554,75.87043563,110.9052554
87,90,126,90,147,61.80339887,96.59258263,25.88190451,96.59258263,25.88190451
138.5,90,126,90,95.5,61.80339887,39.87490689,91.70600744,39.87490689,91.70600744
123.5,101.684797,114.315203,78.31520296,122.184797,61.80339887,46.06608311,79.91696826,78.43684422,79.91696826
103.6505192,88.50230135,162.1649345,91.49769865,94.18454628,89.14780126,80.92846468,97.40454764,20.23211617,97.40454764
103.6505192,110.7582886,139.9089473,69.24171139,116.4405335,89.14780126,41.47583815,104.1310485,59.6847427,104.1310485
93.4493229,88.11494299,150.9546855,91.88505701,115.5959916,89.14780126,97.08567627,81.99441413,54.6106929,81.99441413
116.1155709,96.6349433,128.9033137,83.3650567,114.9811154,66.03652569,56.10071421,89.51653403,56.10071421,89.51653403
100.4133579,118.6017852,109.0654506,61.39821477,150.5211915,49.4510226,25.29014521,110.9052554,75.87043563,110.9052554
124.8406078,104.3418912,110.0762775,75.65810883,125.0831147,56.02864642,39.5970619,85.78062949,76.86488487,85.78062949
103.6505192,110.7582886,139.9089473,69.24171139,116.4405335,89.14780126,41.47583815,104.1310485,59.6847427,104.1310485
102.7370604,115.5771324,116.2804957,64.4228676,140.9824439,77.64532068,42.98177614,91.83344452,95.66911462,91.83344452
108.5,90,126,90,125.5,61.80339887,80.38568606,59.48227868,80.38568606,59.48227868
90.75277754,86.17279448,151.2899247,93.82720552,117.9572978,89.14780126,103.318501,77.59171437,58.11665679,77.59171437
123.5,101.3076292,127.6923708,78.6923708,108.8076292,82.93864853,36.03450997,86.48358056,69.94934288,86.48358056
117,101.3076292,140.6923708,78.6923708,102.3076292,103.007615,36.03450997,86.48358056,69.94934288,86.48358056
82.05778995,124.2546613,123.4076413,55.74533867,154.5345688,86.75211754,46.26000064,115.9017108,93.92181948,115.9017108
108.5198826,112.6884975,122.6034863,67.31150251,128.8766312,77.64532068,35.92673332,98.3488407,79.96595482,98.3488407
103.6505192,100.2948245,150.3724113,79.70517546,105.9770695,89.14780126,60.69634851,98.96448278,40.46423234,98.96448278
123,103.7050063,138.2949937,76.29499367,98.70500633,103.007615,21.91855734,92.51340731,65.75567202,92.51340731
79.48904077,135.2185994,156.5812015,44.78140056,123.9297577,86.75211754,24.28003607,128.767719,49.29583082,128.767719
48.80365821,146.328617,152.0766806,33.67138303,159.1196612,146.7576277,53.61922794,170.330458,108.863281,170.330458
126.7460586,103.5133019,111.0939653,76.48669813,122.1599761,56.02864642,37.60071845,87.50701387,72.98962992,87.50701387
83.86883211,81.12391752,153.1066925,98.87608248,123.0244754,89.14780126,116.8774316,65.886737,65.74355529,65.886737
119.6729111,107.8626411,122.0875838,72.13735892,118.2395051,60.50209424,28.1891894,102.1510752,54.72019119,102.1510752
84.25370338,125.8546844,136.4157913,54.14531557,139.3305053,86.75211754,35.47806689,123.3795012,72.03122672,123.3795012
103.4208168,109.5022905,153.5294352,70.49770947,103.049748,102.8573013,41.00798858,105.1826179,48.13981268,105.1826179
105.2139835,111.7962074,145.6244476,68.20379257,109.1615689,111.1056024,32.43086981,101.016795,72.18483925,101.016795
98.13021278,91.766399,150.9414497,88.233601,110.9283375,89.14780126,84.62967623,89.4218797,47.60419288,89.4218797
103.6505192,116.2576911,134.4095448,63.74230895,121.939936,89.14780126,30.34817425,108.5747335,70.81240659,108.5747335
105.1073718,109.5022905,144.5294352,70.49770947,110.363193,87.4157022,41.00798858,105.1826179,48.13981268,105.1826179
105.3032612,115.6430015,126.3887243,64.35699854,128.3080145,66.51163504,28.5272964,109.980275,60.62050486,109.980275
96.85397429,121.0496386,153.358963,58.95036137,109.7870627,77.23182471,30.88943616,112.3670002,30.88943616,112.3670002
136.5,103.7050063,111.2949937,76.29499367,112.2050063,60.1411599,21.91855734,92.51340731,65.75567202,92.51340731
125,90,126,90,109,61.80339887,60.18150232,79.863551,60.18150232,79.863551
100.9753946,110.7946023,149.4973815,69.20539769,109.5272239,119.0435322,39.40351397,97.06079413,76.48917417,97.06079413
130.990584,101.8138122,113.3044041,78.1861878,115.7050119,56.02864642,32.94569452,91.07661933,63.95340701,91.07661933
103.411059,110.12454,152.2961151,69.87546003,104.2928259,119.0435322,35.56934108,99.89397473,69.04636797,99.89397473
103.7896168,118.6017852,131.0654506,61.39821477,125.1449326,87.4157022,25.29014521,110.9052554,75.87043563,110.9052554
119.3030526,108.3041486,124.6460763,71.69585137,116.0508711,65.72163563,27.36009559,102.4084286,55.54928499,102.4084286
103.6505192,103.7107473,146.9564886,76.28925269,109.3929922,89.14780126,54.62671366,100.2272805,46.53386719,100.2272805
103.6505192,102.0136169,148.6536189,77.98638306,107.6958619,89.14780126,57.66153108,99.5516358,43.49904976,99.5516358
138,90,126,90,96,61.80339887,40.67366431,91.35454576,40.67366431,91.35454576
139,103.7050063,106.2949937,76.29499367,114.7050063,51.76380902,21.91855734,92.51340731,65.75567202,92.51340731
105.3032612,98.8864337,143.145292,81.1135663,111.5514468,66.51163504,60.62050486,100.3526825,28.5272964,100.3526825
111.1426404,111.7962074,124.6244476,68.20379257,124.232912,75.91811398,32.43086981,101.016795,72.18483925,101.016795
107.4143503,107.3173134,118.0860957,72.68268658,134.499554,67.45674561,52.13049336,87.04581043,81.53743833,87.04581043
132.5,103.7050063,119.2949937,76.29499367,108.2050063,73.30024534,21.91855734,92.51340731,65.75567202,92.51340731
94.5,90,126,90,139.5,61.80339887,92.38795325,38.26834324,92.38795325,38.26834324
97.31205766,113.2543218,150.7688476,66.74567824,111.9190947,122.3095495,40.49818772,100.1983545,78.6141291,100.1983545
120,104.2535777,120,120,75.74642226,67.01492371,67.01492371,21,75,54
120,105.4895494,120,120,74.51045057,67.39992582,67.39992582,19.5,75,55.5
120,106.7109203,120,120,73.28907971,67.81592733,67.81592733,18,75,57
120,107.9168579,120,120,72.0831421,68.26236152,68.26236152,16.5,75,58.5
120,109.1066054,120,120,70.89339465,68.73863542,68.73863542,15,75,60
120,110.2794817,120,120,69.7205183,69.24413333,69.24413333,13.5,75,61.5
120,111.4348817,120,120,68.56511834,69.7782201,69.7782201,12,75,63
120,112.5722747,120,120,67.42772534,70.34024453,70.34024453,10.5,75,64.5
120,113.6912032,120,120,66.30879678,70.92954251,70.92954251,9,75,66
120,114.7912809,120,120,65.2087191,71.54544011,71.54544011,7.5,75,67.5
120,115.8721897,120,120,64.1278103,72.18725649,72.18725649,6,75,69
120,116.9336771,120,120,63.06632285,72.85430667,72.85430667,4.5,75,70.5
120,117.9755531,120,120,62.02444693,73.54590403,73.54590403,3,75,72
120,118.9976861,120,120,61.00231392,74.26136277,74.26136277,1.5,75,73.5
120,102.3742469,120,120,77.62575307,66.49671044,66.49671044,23.25,75,51.75
120,101.1058973,120,120,78.89410268,66.19148359,66.19148359,24.75,75,50.25
120,99.82642982,120,120,80.17357018,65.91898437,65.91898437,26.25,75,48.75
120,98.53698931,120,120,81.46301069,65.67962013,65.67962013,27.75,75,47.25
120,97.23877895,120,120,82.76122105,65.47375428,65.47375428,29.25,75,45.75
120,95.93305424,120,120,84.06694576,65.30170365,65.30170365,30.75,75,44.25
120,94.62111643,120,120,85.37888357,65.16373608,65.16373608,32.25,75,42.75
120,93.30430518,120,120,86.69569482,65.0600684,65.0600684,33.75,75,41.25
120,91.98399068,120,120,88.01600932,64.99086474,64.99086474,35.25,75,39.75
120,90.66156527,120,120,89.33843473,64.95623527,64.95623527,36.75,75,38.25
120,89.33843473,120,120,90.66156527,64.95623527,64.95623527,38.25,75,36.75
120,88.01600932,120,120,91.98399068,64.99086474,64.99086474,39.75,75,35.25
120,86.69569482,120,120,93.30430518,65.0600684,65.0600684,41.25,75,33.75
120,85.37888357,120,120,94.62111643,65.16373608,65.16373608,42.75,75,32.25
120,84.06694576,120,120,95.93305424,65.30170365,65.30170365,44.25,75,30.75
120,82.76122105,120,120,97.23877895,65.47375428,65.47375428,45.75,75,29.25
120,81.46301069,120,120,98.53698931,65.67962013,65.67962013,47.25,75,27.75
120,80.17357018,120,120,99.82642982,65.91898437,65.91898437,48.75,75,26.25
120,78.89410268,120,120,101.1058973,66.19148359,66.19148359,50.25,75,24.75
120,77.62575307,120,120,102.3742469,66.49671044,66.49671044,51.75,75,23.25
120,76.36960292,120,120,103.6303971,66.83421654,66.83421654,53.25,75,21.75
120,75.12666626,120,120,104.8733337,67.20351553,67.20351553,54.75,75,20.25
120,73.89788625,120,120,106.1021138,67.60408641,67.60408641,56.25,75,18.75
120,72.68413266,120,120,107.3158673,68.03537683,68.03537683,57.75,75,17.25
120,71.48620026,120,120,108.5137997,68.49680649,68.49680649,59.25,75,15.75
120,70.30480799,120,120,109.695192,68.98777066,68.98777066,60.75,75,14.25
120,69.14059888,120,120,110.8594011,69.50764346,69.50764346,62.25,75,12.75
120,67.99414069,120,120,112.0058593,70.05578135,70.05578135,63.75,75,11.25
120,66.86592722,120,120,113.1340728,70.63152625,70.63152625,65.25,75,9.75
120,65.75638013,120,120,114.2436199,71.23420878,71.23420878,66.75,75,8.25
120,64.66585132,120,120,115.3341487,71.8631512,71.8631512,68.25,75,6.75
120,63.5946256,120,120,116.4053744,72.51767026,72.51767026,69.75,75,5.25
120,62.5429239,120,120,117.4570761,73.19707986,73.19707986,71.25,75,3.75
120,61.51090655,120,120,118.4890935,73.9006935,73.9006935,72.75,75,2.25
120,119.5013231,120,120,60.49867686,74.62782658,74.62782658,0.75,75,74.25
120,84.72222094,120,120,95.27777906,97.69480744,97.69480744,65.15139434,112.3299902,47.1785959
137.8182668,90,143,90,79.18173323,72.37176761,36,36,64,64
71.6660193,90,156,90,132.3339807,89.24102914,69,69,31,31
132.3339807,90,156,90,71.6660193,89.24102914,31,31,69,69
107.0687152,90,113,90,139.9312848,29.39540168,53,53,47,47
130.5322156,90,152,90,77.46778437,81.41135534,35,35,65,65
86.72271101,90,155,90,118.277289,78.9604059,59,59,41,41
116.6697269,90,141,90,102.3302731,61.36327585,47,47,53,53
106.2077463,90,110,90,143.7922537,25.94036867,53,53,47,47
77.20497576,90,156,90,126.7950242,84.84513273,65,65,35,35
69.10441557,90,155,90,135.8955844,91.01272436,71,71,29,29
109.0920687,90,153,90,97.90793129,74.24579894,47,47,53,53
150.7926943,90,133,90,76.20730569,65.15121883,35,35,65,65
118.0059151,90,166,90,75.99408492,93.26580697,35,35,65,65
116.2264362,90,148,90,95.77356377,69.66921332,45,45,55,55
70.96500552,90,167,90,122.0349945,97.56699636,69,69,31,31
113.4382261,90,146,90,100.5617739,66.81468334,47,47,53,53
74.36551021,90,156,90,129.6344898,86.94148106,67,67,33,33
105.383061,90,131,90,123.616939,50.16047989,53,53,47,47
60.23126781,90,156,90,143.7687322,103.2709816,79,79,21,21
74.36551021,90,156,90,129.6344898,86.94148106,67,67,33,33
125.839928,90,148,90,86.16007205,72.88878558,40,40,60,60
70.37634723,90,155,90,134.6236528,89.72182901,70,70,30,30
68.76568202,90,130,90,161.234318,69.92655965,69,69,31,31
142.8766143,90,100,90,117.1233857,12.64364271,49,49,51,51
78.67612127,90,156,90,125.3238787,83.87797743,64,64,36,36
86.72271101,90,155,90,118.277289,78.9604059,59,59,41,41
71.64791476,90,150,90,138.3520852,84.65222974,69,69,31,31
66.68861296,90,156,90,137.311387,94.38902641,73,73,27,27
92.81544083,90,143,90,124.1845592,65.54239478,57,57,43,43
136.5682349,90,116,90,107.4317651,32.86968395,47,47,53,53
145.6879901,90,148,90,66.31200991,89.09610834,27,27,73,73
137.4546169,90,145,90,77.54538314,75.36878949,35,35,65,65
71.37155727,90,145,90,143.6284427,80.84850036,69,69,31,31
129.1032528,90,124,90,106.8967472,42.13632195,47,47,53,53
142.7552871,90,140,90,77.24471295,71.0678039,35,35,65,65
94.27906022,90,162,90,103.7209398,83.4083609,53,53,47,47
115.840781,90,156,90,88.15921902,79.32690685,42,42,58,58
91.83262568,90,155,90,113.1673743,77.32188831,56,56,44,44
119.7081665,90,164,90,76.29183346,91.60622283,35,35,65,65
141.8149361,90,148,90,70.18506393,84.54985618,30,30,70,70
122.3108669,90,161,90,76.6891331,89.09169318,35,35,65,65
128.3508064,90,143,90,88.64919361,67.0882839,41,41,59,59
97.51527003,90,154,90,108.48473,75.28658508,53,53,47,47
130.6589747,90,111,90,118.3410253,25.9216137,49,49,51,51
174.4195359,90,116,90,69.58046414,52.16295792,35,35,65,65
89.83430038,90,156,90,114.1656996,78.79310853,57,57,43,43
131.9702183,90,155,90,73.02978168,87.27846613,32,32,68,68
74.41146736,90,155,90,130.5885326,86.12992565,67,67,33,33
78.77393678,90,155,90,126.2260632,83.00090421,64,64,36,36
103.7639977,90,156,90,100.2360023,77.06010976,49,49,51,51
60,126,97.2402955,120,136.7597045,100,100,79,57.19720576,57.19720576
60,149,85.29147078,120,125.7085292,100,100,71,70.22149678,70.22149678
60,81,151.959425,120,127.040575,100,100,71,24.38686767,24.38686767
60,120,144.2436199,120,95.75638013,100,100,11,54.83611948,54.83611948
60,130,110.4567527,120,119.5432473,100,100,50,55.01453919,55.01453919
60,152,87.98306533,120,120.0169347,100,100,59,68.05099573,68.05099573
60,130,102.4059944,120,127.5940056,100,100,64,56.91555782,56.91555782
60,120,143.1340728,120,96.86592722,100,100,13,54.37217426,54.37217426
60,144,93.98088446,120,122.0191155,100,100,59,63.89461149,63.89461149
60,120,99.7205183,120,140.2794817,100,100,82,53.30415869,53.30415869
60,89,138.7551942,120,132.2448058,100,100,71,29.56010915,29.56010915
60,102,132.8913315,120,125.1086685,100,100,59,39.63117905,39.63117905
60,120,93.5946256,120,146.4053744,100,100,93,55.82412859,55.82412859
60,104,131.3422966,120,124.6577034,100,100,58,40.90500506,40.90500506
60,130,118.294491,120,111.705509,100,100,37,54.2772234,54.2772234
60,113,120.8475726,120,126.1524274,100,100,59,46.11428819,46.11428819
60,120,106.3696029,120,133.6303971,100,100,71,51.44900388,51.44900388
60,81,164.6147182,120,114.3852818,100,100,58,29.06582789,29.06582789
60,126,129.1250919,120,104.8749081,100,100,26,53.41962641,53.41962641
60,114,120.5513461,120,125.4486539,100,100,58,46.7107806,46.7107806
60,114,111.4095252,120,134.5904748,100,100,71,47.23857681,47.23857681
60,120,137.3158673,120,102.6841327,100,100,23,52.3736575,52.3736575
60,114,111.4095252,120,134.5904748,100,100,71,47.23857681,47.23857681
60,120,127.238779,120,112.761221,100,100,39,50.40171955,50.40171955
60,120,108.258469,120,131.741531,100,100,68,51.06858134,51.06858134
60,93,133.2923635,120,133.7076365,100,100,71,32.3103592,32.3103592
60,126,106.2665579,120,127.7334421,100,100,63,54.29585097,54.29585097
60,105,130.1904391,120,124.8095609,100,100,58,41.47915677,41.47915677
60,120,116.036765,120,123.963235,100,100,56,50.11985634,50.11985634
60,134,95.68334934,120,130.3166507,100,100,71,60.90142184,60.90142184
60,126,123.5538464,120,110.4461536,100,100,35,52.84519372,52.84519372
60,120,148.9976861,120,91.00231392,100,100,2,57.16642371,57.16642371
60,87,154.4131217,120,118.5868783,100,100,58,31.77170817,31.77170817
60,126,112.3155732,120,121.6844268,100,100,53,53.22152316,53.22152316
60,117,117.5856614,120,125.4143386,100,100,58,48.4636881,48.4636881
60,120,102.6841327,120,137.3158673,100,100,77,52.3736575,52.3736575
60,83,148.3133917,120,128.6866083,100,100,71,25.62440946,25.62440946
60,126,109.8674126,120,124.1325874,100,100,57,53.57923189,53.57923189
60,77,172.1544159,120,110.8455841,100,100,58,27.51281417,27.51281417
60,102,122.8357808,120,135.1642192,100,100,71,38.67963925,38.67963925
60,126,129.1250919,120,104.8749081,100,100,26,53.41962641,53.41962641
60,144,88.66666725,120,127.3333327,100,100,71,67.22275364,67.22275364
60,126,105.0890064,120,128.9109936,100,100,65,54.58150981,54.58150981
60,95,130.7745992,120,134.2254008,100,100,71,33.70974622,33.70974622
60,120,123.963235,120,116.036765,100,100,44,50.11985634,50.11985634
60,130,126.7981112,120,103.2018888,100,100,23,54.63731125,54.63731125
60,130,115.8622795,120,114.1377205,100,100,41,54.3949594,54.3949594
60,139,98.37289337,120,122.6271066,100,100,58,60.9661536,60.9661536
60,130,124.3827086,120,105.6172914,100,100,27,54.41228791,54.41228791
60,108,126.8392184,120,125.1607816,100,100,58,43.21298017,43.21298017
151.7466185,43,122.2533815,137,86,43.33965353,100,100,43.33965353,43.33965353
147.7643897,45,122.2356103,135,90,44.18847654,100,100,44.18847654,44.18847654
143.859,47,122.141,133,94,45.00891444,100,100,45.00891444,45.00891444
140.0247319,49,121.9752681,131,98,45.80675713,100,100,45.80675713,45.80675713
136.2564098,51,121.7435902,129,102,46.58720357,100,100,46.58720357,46.58720357
132.5493582,53,121.4506418,127,106,47.35494087,100,100,47.35494087,47.35494087
128.8993608,55,121.1006392,125,110,48.11421562,100,100,48.11421562,48.11421562
125.3026211,57,120.6973789,123,114,48.86889769,100,100,48.86889769,48.86889769
121.755726,59,120.244274,121,118,49.62253701,100,100,49.62253701,49.62253701
118.2556118,61,119.7443882,119,122,50.37841386,100,100,50.37841386,50.37841386
114.7995334,63,119.2004666,117,126,51.13958353,100,100,51.13958353,51.13958353
155.8119874,41,122.1880126,139,82,42.4559781,100,100,42.4559781,42.4559781
111.3850365,65,118.6149635,115,130,51.90891587,100,100,51.90891587,51.90891587
108.0099329,67,117.9900671,113,134,52.68913054,100,100,52.68913054,52.68913054
104.6722774,69,117.3277226,111,138,53.48282854,100,100,53.48282854,53.48282854
101.370349,71,116.629651,109,142,54.29252047,100,100,54.29252047,54.29252047
98.10263284,73,115.8973672,107,146,55.12065222,100,100,55.12065222,55.12065222
94.86780516,75,115.1321948,105,150,55.96962847,100,100,55.96962847,55.96962847
91.66472016,77,114.3352798,103,154,56.84183423,100,100,56.84183423,56.84183423
88.49239857,79,113.5076014,101,158,57.73965517,100,100,57.73965517,57.73965517
85.35001803,81,112.649982,99,162,58.66549659,100,100,58.66549659,58.66549659
82.23690506,83,111.7630949,97,166,59.62180174,100,100,59.62180174,59.62180174
79.15252851,85,110.8474715,95,170,60.61106947,100,100,60.61106947,60.61106947
76.0964944,87,109.9035056,93,174,61.63587154,100,100,61.63587154,61.63587154
73.06854217,89,108.9314578,91,178,62.6988698,100,100,62.6988698,62.6988698
162.0812466,38,121.9187534,142,76,41.04905027,100,100,41.04905027,41.04905027
166.3861776,36,121.6138224,144,72,40.04465715,100,100,40.04465715,40.04465715
170.8013575,34,121.1986425,146,68,38.97607969,100,100,38.97607969,38.97607969
175.3360195,32,120.6639805,148,64,37.83264596,100,100,37.83264596,37.83264596
104.6722774,69,117.3277226,111,138,46.90374545,87.69870019,87.69870019,46.90374545,46.90374545
120,60,120,120,120,57.14508659,114.2901732,114.2901732,57.14508659,57.14508659
99.73230145,72,116.2676986,108,144,27.43311392,50.14815835,50.14815835,27.43311392,27.43311392
73.06854217,89,108.9314578,91,178,81.33551136,129.724047,129.724047,81.33551136,81.33551136
106.3365367,68,117.6634633,112,136,40.55231448,76.39253079,76.39253079,40.55231448,40.55231448
134.395499,52,121.604501,128,104,24.28112553,51.69234021,51.69234021,24.28112553,24.28112553
125.3026211,57,120.6973789,123,114,67.16205226,137.433123,137.433123,67.16205226,67.16205226
130.7174744,54,121.2825256,126,108,56.7145512,118.8102912,118.8102912,56.7145512,56.7145512
116.522228,62,119.477772,118,124,50.58475476,99.65838188,99.65838188,50.58475476,50.58475476
121.755726,59,120.244274,121,118,66.2730472,133.5543307,133.5543307,66.2730472,66.2730472
113.08723,64,118.91277,116,128,35.41156089,68.7295426,68.7295426,35.41156089,35.41156089
121.755726,59,120.244274,121,118,66.30709163,133.6229375,133.6229375,66.30709163,66.30709163
79.15252851,85,110.8474715,95,170,62.92963156,103.8253113,103.8253113,62.92963156,62.92963156
136.2564098,51,121.7435902,129,102,64.70784724,138.8961824,138.8961824,64.70784724,64.70784724
121.755726,59,120.244274,121,118,66.0870894,133.1795861,133.1795861,66.0870894,66.0870894
103.0169467,70,116.9830533,110,140,52.00127969,96.50325091,96.50325091,52.00127969,52.00127969
113.08723,64,118.91277,116,128,36.15340895,70.16937966,70.16937966,36.15340895,36.15340895
136.2564098,51,121.7435902,129,102,67.54660412,144.9896086,144.9896086,67.54660412,67.54660412
86.91751117,80,113.0824888,100,160,51.87334997,89.13111866,89.13111866,51.87334997,51.87334997
94.86780516,75,115.1321948,105,150,59.11904325,105.6270068,105.6270068,59.11904325,59.11904325
166.3861776,36,121.6138224,144,72,33.20256839,82.91385358,82.91385358,33.20256839,33.20256839
62.8273389,142,133.8267517,92.34649658,108.9994128,98.50460602,50,50,50,50
60.18019444,146,133.1803894,93.63922119,107.000195,101.9063568,50,50,50,50
57.54865483,150,132.5486755,94.90264893,105.0000207,105.2327246,50,50,50,50
54.93110962,154,131.9306946,96.13861084,102.999585,108.4774751,50,50,50,50
52.32610078,158,131.325531,97.34893799,100.9994302,111.6346502,50,50,50,50
49.73229732,162,130.7322693,98.53546143,98.99997196,114.6985677,50,50,50,50
47.14889409,166,130.1490784,99.70184326,97.00018428,117.6643837,50,50,50,50
44.57468902,170,129.5750427,100.8499146,95.00035371,120.5270072,50,50,50,50
42.00893822,174,129.0083313,101.9833374,92.99939308,123.2822068,50,50,50,50
39.44981007,178,128.4498596,103.1002808,91.00004955,125.9242558,50,50,50,50
66.82886531,136,134.8292542,90.3414917,112.0003888,93.27329156,50,50,50,50
69.52007791,132,135.5204773,88.95904541,114.0003994,89.71031926,50,50,50,50
72.2320234,128,136.231842,87.53631592,115.9998186,86.09515478,50,50,50,50
74.96554093,124,136.966095,86.06781006,118.000554,82.43467679,50,50,50,50
77.723866,120,137.7232361,84.55352783,119.9993701,78.73728437,50,50,50,50
80.50732338,116,138.5069275,82.98614502,121.9996041,75.01022177,50,50,50,50
83.31878636,112,139.3180847,81.36383057,123.9992984,71.26221585,50,50,50,50
86.15958472,108,140.1594543,79.68109131,125.9998696,67.50167595,50,50,50,50
89.03210033,104,141.0328674,77.93426514,128.0007671,63.73773134,50,50,50,50
91.94016322,100,141.9392395,76.121521,129.9990763,59.98012694,50,50,50,50
94.88321985,96,142.8831482,74.23370361,131.9999283,56.23791546,50,50,50,50
97.86537392,92,143.865509,72.26898193,134.0001351,52.52160926,50,50,50,50
100.8884763,88,144.8890686,70.22186279,136.0005924,48.84156537,50,50,50,50
103.9558524,84,145.955658,68.08868408,137.9998056,45.20871019,50,50,50,50
107.0693136,80,147.0680237,65.86395264,139.9987101,41.63409375,50,50,50,50
110.2302031,76,148.2289124,63.54217529,141.9987092,38.1290997,50,50,50,50
113.4412918,72,149.440155,61.11968994,143.9988633,34.70553745,50,50,50,50
116.7050311,68,150.7035828,58.59283447,145.9985517,31.37539953,50,50,50,50
120.0202857,64,152.0219421,55.95611572,148.0016564,28.15071339,50,50,50,50
123.3959636,60,153.3943176,53.21136475,149.998354,25.04397714,50,50,50,50
126.8249109,56,154.8243713,50.35125732,151.9994605,22.06717076,50,50,50,50
130.3134792,52,156.3111877,47.37762451,153.9977086,19.23260222,50,50,50,50
133.8586101,48,157.8556824,44.28863525,155.9970723,16.55217768,50,50,50,50
137.4561017,44,159.4578552,41.08428955,158.0017536,14.03754288,50,50,50,50
141.1149308,40,161.1149597,37.77008057,160.0000289,11.69999294,50,50,50,50
144.8282925,36,162.8260803,34.34783936,161.9977878,9.550148199,50,50,50,50
148.5844904,32,164.589386,30.82122803,164.0048956,7.597990536,50,50,50,50
152.3928163,28,166.4002991,27.19940186,166.0074828,5.852757908,50,50,50,50
156.2456054,24,168.2551575,23.48968506,168.0095521,4.322766834,50,50,50,50
160.1627208,20,170.148468,19.70306396,169.9857472,3.015381121,50,50,50,50
103.9558524,84,145.955658,68.08868408,137.9998056,46.07484905,50.95793361,50.95793361,50.95793361,50.95793361
139.281808,42,160.2790833,39.4418335,158.9972753,6.706489511,26.10346982,26.10346982,26.10346982,26.10346982
39.44981007,178,128.4498596,103.1002808,91.00004955,154.0910961,61.18404077,61.18404077,61.18404077,61.18404077
142.967235,38,161.9636536,36.07269287,160.9964185,12.89979494,60.84250543,60.84250543,60.84250543,60.84250543
154.3193317,26,167.3222351,25.35552979,167.0029034,5.489399003,54.23903975,54.23903975,54.23903975,54.23903975
118.3572297,66,151.3554382,57.28912354,146.9982085,26.66885506,44.82288502,44.82288502,44.82288502,44.82288502
57.54865483,150,132.5486755,94.90264893,105.0000207,100.7010401,47.84682734,47.84682734,47.84682734,47.84682734
120.0202857,64,152.0219421,55.95611572,148.0016564,17.09974238,30.37177449,30.37177449,30.37177449,30.37177449
86.15958472,108,140.1594543,79.68109131,125.9998696,39.88555905,29.54412501,29.54412501,29.54412501,29.54412501
80.50732338,116,138.5069275,82.98614502,121.9996041,87.4226152,58.27380131,58.27380131,58.27380131,58.27380131
77.09660887,111,138,67.80693054,146.0964606,72.80047483,60,60,60,60
76.6251009,109,142,64.74861145,147.6262876,73.58971069,60,60,60,60
76.14406515,107,146,61.71089172,149.1450431,74.27804645,60,60,60,60
75.65314552,105,150,58.69514465,150.6517098,74.86431984,60,60,60,60
75.14998368,103,154,55.69999695,152.1500194,75.34608702,60,60,60,60
74.63598205,101,158,52.72956848,153.6344495,75.72379334,60,60,60,60
74.10858917,99,162,49.78248596,155.1089249,75.99527496,60,60,60,60
73.56906066,97,166,46.86286926,156.5680701,76.1610082,60,60,60,60
73.01461342,95,170,43.96934509,158.0160415,76.21914324,60,60,60,60
77.55794891,113,134,70.88310242,144.5589487,71.91072311,60,60,60,60
78.01122931,115,130,73.97850037,143.0102703,70.92336059,60,60,60,60
78.45477056,117,126,77.08900452,141.4562249,69.83800332,60,60,60,60
78.89147459,119,122,80.21736145,139.891164,68.65869582,60,60,60,60
79.31957462,121,118,83.35945129,138.3209741,67.38510081,60,60,60,60
79.74093558,123,114,86.51664734,136.7424171,66.02061853,60,60,60,60
80.15554094,125,110,89.68757629,135.1568828,64.56688402,60,60,60,60
80.5642417,127,106,92.87223816,133.5635201,63.02659952,60,60,60,60
80.96604839,129,102,96.06788635,131.9660653,61.40046156,60,60,60,60
81.36263908,131,98,99.27589417,130.3614668,59.69236708,60,60,60,60
81.75296658,133,94,102.493515,128.7535184,57.90307767,60,60,60,60
82.13863553,135,90,105.7221222,127.1392423,56.03670896,60,60,60,60
82.51943504,137,86,108.9603424,125.5202226,54.09524832,60,60,60,60
82.89601678,139,82,112.2081757,123.8958076,52.08188802,60,60,60,60
83.26812413,141,78,115.4642487,122.2676272,49.99870622,60,60,60,60
83.63636128,143,74,118.7285614,120.6350773,47.84902758,60,60,60,60
84.00043269,145,70,121.9997406,118.9998267,45.63501195,60,60,60,60
84.36090197,147,66,125.2777863,117.3613118,43.3601046,60,60,60,60
84.71831189,149,62,128.5626984,115.7189898,41.02783555,60,60,60,60
85.07318628,151,58,131.8544769,114.0723368,38.64181269,60,60,60,60
85.42429558,153,54,135.1503754,112.4253291,36.20305596,60,60,60,60
85.77387355,155,50,138.4531403,110.7729862,33.71790554,60,60,60,60
86.12066649,157,46,141.760025,109.1193085,31.18744964,60,60,60,60
86.46514671,159,42,145.0710297,107.4638236,28.61546553,60,60,60,60
86.80691135,161,38,148.3847809,105.8083078,26.004403,60,60,60,60
87.14813727,163,34,151.7040253,104.1478375,23.36090171,60,60,60,60
87.48753932,165,30,155.0260162,102.4864444,20.68611138,60,60,60,60
87.8246917,167,26,158.3493805,100.8259278,17.98255563,60,60,60,60
88.16174349,169,22,161.6768646,99.16139188,15.25702442,60,60,60,60
88.49739524,171,18,165.005722,97.49688271,12.51068933,60,60,60,60
88.83206455,173,14,168.3359528,95.83198269,9.747559781,60,60,60,60
76.14406515,107,146,61.71089172,149.1450431,88.11201928,71.17474691,71.17474691,71.17474691,71.17474691
86.12066649,157,46,141.760025,109.1193085,18.88605168,36.33394566,36.33394566,36.33394566,36.33394566
80.76550724,128,104,94.46800232,132.7664904,74.9707655,72.29168121,72.29168121,72.29168121,72.29168121
75.14998368,103,154,55.69999695,152.1500194,106.1696609,84.5455936,84.5455936,84.5455936,84.5455936
87.99309631,168,24,160.0124359,99.99446777,14.73221248,53.17813481,53.17813481,53.17813481,53.17813481
77.09660887,111,138,67.80693054,146.0964606,42.34174987,34.89681898,34.89681898,34.89681898,34.89681898
88.3298256,170,20,163.3412933,98.32888107,11.84917336,51.19765789,51.19765789,51.19765789,51.19765789
78.01122931,115,130,73.97850037,143.0102703,67.66022841,57.23944368,57.23944368,57.23944368,57.23944368
88.3298256,170,20,163.3412933,98.32888107,8.010815489,34.61296229,34.61296229,34.61296229,34.61296229
80.76550724,128,104,94.46800232,132.7664904,75.65796047,72.95431922,72.95431922,72.95431922,72.95431922
107.7231855,76.72386551,144.552269,62,149.00068,41.55351877,60,60,60,60
110.973757,77.97398758,138.0520248,66,147.0002306,37.79315471,60,60,60,60
114.3230487,79.32252884,131.3549423,70,144.9994802,33.59418543,60,60,60,60
117.8031601,80.80382156,124.3923569,74,143.0006614,28.8768128,60,60,60,60
121.4677961,82.46764755,117.0647049,78,140.9998514,23.51923054,60,60,60,60
125.400284,84.4009819,109.1980362,82,139.0006979,17.30719666,60,60,60,60
129.7691643,86.76976395,100.4604721,86,137.0005997,9.824527989,60,60,60,60
134.7017435,89.80273972,90.59452057,89.8,135.1009962,0.585283483,60,60,60,60
102.9827245,74.98315048,154.033699,56,152.0004259,46.48233753,60,60,60,60
99.88808112,73.88866806,160.2226639,52,154.0005869,49.34243423,60,60,60,60
96.8316869,72.83195114,166.3360977,48,156.0002642,51.8888708,60,60,60,60
93.80293926,71.80327225,172.3934555,44,158.000333,54.13684048,60,60,60,60
90.79355532,70.7934761,178.4130478,40,159.9999208,56.09734664,60,60,60,60
110.973757,77.97398758,138.0520248,66,147.0002306,28.67615287,45.52594737,45.52594737,45.52594737,45.52594737
129.7691643,86.76976395,100.4604721,86,137.0005997,7.515443667,45.89804421,45.89804421,45.89804421,45.89804421
119.6084001,81.60855484,120.7828903,76,142.0001547,17.53074688,40.01137401,40.01137401,40.01137401,40.01137401
104.5482994,75.54813004,150.9037399,58,150.9998306,55.4839509,74.09662207,74.09662207,74.09662207,74.09662207
98.35572834,73.35630417,163.2873917,50,155.0005758,70.35540502,83.33687304,83.33687304,83.33687304,83.33687304
106.127385,76.12798691,147.7440262,60,150.0006019,27.56386985,38.20668552,38.20668552,38.20668552,38.20668552
109.3381154,77.33805466,141.3238907,64,147.9999392,40.6081701,61.33441636,61.33441636,61.33441636,61.33441636
116.0445092,80.04372025,127.9125595,72,143.999211,30.88592727,59.19304274,59.19304274,59.19304274,59.19304274
92.29619291,71.29665756,175.4066849,42,159.0004646,44.09368474,47.96923829,47.96923829,47.96923829,47.96923829
104.5482994,75.54813004,150.9037399,58,150.9998306,61.66816477,82.35539511,82.35539511,82.35539511,82.35539511
129.7691643,86.76976395,100.4604721,86,137.0005997,7.322262968,44.71825808,44.71825808,44.71825808,44.71825808
98.35572834,73.35630417,163.2873917,50,155.0005758,55.57569659,65.83012022,65.83012022,65.83012022,65.83012022
121.4677961,82.46764755,117.0647049,78,140.9998514,26.67561117,68.05225481,68.05225481,68.05225481,68.05225481
90.79355532,70.7934761,178.4130478,40,159.9999208,45.65836431,48.83478493,48.83478493,48.83478493,48.83478493
123.3928115,83.393116,113.213768,80,140.0003045,27.47344725,80.25809865,80.25809865,80.25809865,80.25809865
119.6084001,81.60855484,120.7828903,76,142.0001547,22.28056772,50.8521476,50.8521476,50.8521476,50.8521476
117.8031601,80.80382156,124.3923569,74,143.0006614,26.03945319,54.10455794,54.10455794,54.10455794,54.10455794
93.80293926,71.80327225,172.3934555,44,158.000333,75.25900394,83.40974826,83.40974826,83.40974826,83.40974826
98.35572834,73.35630417,163.2873917,50,155.0005758,32.71364909,38.74973387,38.74973387,38.74973387,38.74973387
101.4302843,74.43018723,157.1396255,54,152.999903,36.23179804,45.33410062,45.33410062,45.33410062,45.33410062
114.3230487,79.32252884,131.3549423,70,144.9994802,20.47214404,36.56372752,36.56372752,36.56372752,36.56372752
106.127385,76.12798691,147.7440262,60,150.0006019,33.45477249,46.37215234,46.37215234,46.37215234,46.37215234
106.127385,76.12798691,147.7440262,60,150.0006019,28.63907368,39.69704137,39.69704137,39.69704137,39.69704137
121.4677961,82.46764755,117.0647049,78,140.9998514,16.35700565,41.72842037,41.72842037,41.72842037,41.72842037
95.31466412,72.31446457,169.3710709,46,156.9998004,41.56435263,47.01006344,47.01006344,47.01006344,47.01006344
109.3381154,77.33805466,141.3238907,64,147.9999392,24.86107915,37.55007368,37.55007368,37.55007368,37.55007368
123.3928115,83.393116,113.213768,80,140.0003045,21.40747515,62.53759263,62.53759263,62.53759263,62.53759263
134.7017435,89.80273972,90.59452057,89.8,135.1009962,0.389245578,39.90328679,39.90328679,39.90328679,39.90328679
125.400284,84.4009819,109.1980362,82,139.0006979,12.64665557,43.84299485,43.84299485,43.84299485,43.84299485
121.4677961,82.46764755,117.0647049,78,140.9998514,33.1483049,84.56476883,84.56476883,84.56476883,84.56476883
116.0445092,80.04372025,127.9125595,72,143.999211,25.8779794,49.5952842,49.5952842,49.5952842,49.5952842
132.2279915,88.22623825,95.5475235,88,135.9982467,7.503119554,84.41415145,84.41415145,84.41415145,84.41415145
127.5133749,85.51470566,104.9705887,84,138.0013308,11.35430356,49.49007988,49.49007988,49.49007988,49.49007988
96.8316869,72.83195114,166.3360977,48,156.0002642,57.29069785,66.24622618,66.24622618,66.24622618,66.24622618
117.8031601,80.80382156,124.3923569,74,143.0006614,16.29767821,33.86317941,33.86317941,33.86317941,33.86317941
114.3230487,79.32252884,131.3549423,70,144.9994802,33.22313311,59.3372919,59.3372919,59.3372919,59.3372919
92.29619291,71.29665756,175.4066849,42,159.0004646,81.87099979,89.06693832,89.06693832,89.06693832,89.06693832
90,91,134.5,135.5,89,75,75,36.51822737,53.01887302,38.48177263
90,93,133.5,136.5,87,75,75,34.55408382,52.90577829,40.44591618
90,95,132.5,137.5,85,75,75,32.58814392,52.67953462,42.41185608
90,97,131.5,138.5,83,75,75,30.61920523,52.34003329,44.38079477
90,99,130.5,139.5,81,75,75,28.64605798,51.88711056,46.35394202
90,101,129.5,140.5,79,75,75,26.66748208,51.32054673,48.33251792
90,103,128.5,141.5,77,75,75,24.68224407,50.64006509,50.31775593
90,105,127.5,142.5,75,75,75,22.68909402,49.84533041,52.31090598
90,107,126.5,143.5,73,75,75,20.68676235,48.93594722,54.31323765
90,109,125.5,144.5,71,75,75,18.67395648,47.91145771,56.32604352
90,111,124.5,145.5,69,75,75,16.64935745,46.77133937,58.35064255
90,113,123.5,146.5,67,75,75,14.61161631,45.51500212,60.38838369
90,115,122.5,147.5,65,75,75,12.55935045,44.14178528,62.44064955
90,117,121.5,148.5,63,75,75,10.4911396,42.65095396,64.5088604
90,119,120.5,149.5,61,75,75,8.40552176,41.04169513,66.59447824
90,121,119.5,150.5,59,75,75,6.300988793,39.31311316,68.69901121
90,123,118.5,151.5,57,75,75,4.175981817,37.464225,70.82401818
90,125,117.5,152.5,55,75,75,2.028886251,35.49395466,72.97111375
90,89,135.5,134.5,91,75,75,38.48177263,53.01887302,36.51822737
90,87,136.5,133.5,93,75,75,40.44591618,52.90577829,34.55408382
90,85,137.5,132.5,95,75,75,42.41185608,52.67953462,32.58814392
90,83,138.5,131.5,97,75,75,44.38079477,52.34003329,30.61920523
90,81,139.5,130.5,99,75,75,46.35394202,51.88711056,28.64605798
90,79,140.5,129.5,101,75,75,48.33251792,51.32054673,26.66748208
90,77,141.5,128.5,103,75,75,50.31775593,50.64006509,24.68224407
90,75,142.5,127.5,105,75,75,52.31090598,49.84533041,22.68909402
90,73,143.5,126.5,107,75,75,54.31323765,48.93594722,20.68676235
90,71,144.5,125.5,109,75,75,56.32604352,47.91145771,18.67395648
90,69,145.5,124.5,111,75,75,58.35064255,46.77133937,16.64935745
90,67,146.5,123.5,113,75,75,60.38838369,45.51500212,14.61161631
90,65,147.5,122.5,115,75,75,62.44064955,44.14178528,12.55935045
90,63,148.5,121.5,117,75,75,64.5088604,42.65095396,10.4911396
90,61,149.5,120.5,119,75,75,66.59447824,41.04169513,8.40552176
90,59,150.5,119.5,121,75,75,68.69901121,39.31311316,6.300988793
90,57,151.5,118.5,123,75,75,70.82401818,37.464225,4.175981817
90,55,152.5,117.5,125,75,75,72.97111375,35.49395466,2.028886251
90,107,126.5,143.5,73,46.74170259,46.74170259,12.89245991,30.49799321,33.84924268
90,101,129.5,140.5,79,39.58261371,39.58261371,14.07424856,27.08535169,25.50836515
90,80,140,130,100,99.61116611,99.61116611,62.87785475,68.556455,36.73331136
90,115,122.5,147.5,65,110.9854775,110.9854775,18.58540677,65.32129492,92.40007077
90,114,123,147,66,66.77178512,66.77178512,12.09672097,39.92333803,54.67506415
90,124,118,152,56,47.26194196,47.26194196,1.956832396,22.99724104,45.30510956
90,72,144,126,108,93.01205145,93.01205145,68.6035183,60.07105444,24.40853316
90,93,133.5,136.5,87,94.76583481,94.76583481,43.66062133,66.84880327,51.10521348
90,75,142.5,127.5,105,111.7951936,111.7951936,77.97477146,74.29957814,33.8204221
90,79,140.5,129.5,101,79.50532272,79.50532272,51.23589914,54.40342173,28.26942358
90,111,124.5,145.5,69,39.62120924,39.62120924,8.795569001,24.70849365,30.82564024
90,108,126,144,72,63.75916144,63.75916144,16.73189207,41.17832043,47.02726937
90,107,126.5,143.5,73,58.31974808,58.31974808,16.08595692,38.05242818,42.23379116
90,115,122.5,147.5,65,71.4384112,71.4384112,11.96293389,42.04558677,59.4754773
90,149.8106613,60.37867737,120.1893387,119.6213226,19.12480072,98.26007494,36.75039856,75,75
90,149.4293442,61.14131165,120.5706558,118.8586884,19.87469269,99.91028183,35.25061462,75,75
90,149.0445023,61.91099548,120.9554977,118.0890045,20.62489018,101.5407466,33.75021965,75,75
90,148.6561356,62.68772888,121.3438644,117.3122711,21.37528283,103.150508,32.24943433,75,75
90,148.2645645,63.47087097,121.7354355,116.529129,22.12514939,104.7373129,30.74970123,75,75
90,147.8694687,64.26106262,122.1305313,115.7389374,22.87500123,106.3015274,29.24999754,75,75
90,147.4708481,65.05830383,122.5291519,114.9416962,23.62472774,107.8421674,27.75054452,75,75
90,147.0683823,65.86323547,122.9316177,114.1367645,24.3748126,109.3594336,26.2503748,75,75
90,146.6620712,66.67585754,123.3379288,113.3241425,25.1251284,110.8522345,24.74974319,75,75
90,146.2522354,67.49552917,123.7477646,112.5044708,25.87496398,112.3183394,23.25007204,75,75
90,145.8385544,68.32289124,124.1614456,111.6771088,26.62478587,113.7578334,21.75042825,75,75
90,145.4207077,69.15858459,124.5792923,110.8414154,27.37503846,115.170669,20.24992309,75,75
90,144.9990158,70.00196838,125.0009842,109.9980316,28.12500956,116.5545917,18.74998088,75,75
90,144.5731583,70.85368347,125.4268417,109.1463165,28.87513184,117.9094744,17.24973631,75,75
90,144.1431351,71.71372986,125.8568649,108.2862701,29.6252594,119.2340819,15.74948121,75,75
90,143.7089462,72.58210754,126.2910538,107.4178925,30.37524578,120.5271716,14.24950845,75,75
90,143.2705917,73.45881653,126.7294083,106.5411835,31.12494397,121.7874932,12.75011207,75,75
90,142.8277512,74.34449768,127.1722488,105.6555023,31.87474611,123.014661,11.25050778,75,75
90,142.3801041,75.23979187,127.6198959,104.7602081,32.62502173,124.208148,9.749956543,75,75
90,141.9279709,76.14405823,128.0720291,103.8559418,33.3750599,125.3656767,8.249880192,75,75
90,141.4710312,77.05793762,128.5289688,102.9420624,34.12521748,126.4866367,6.749565035,75,75
90,141.0096054,77.98078918,128.9903946,102.0192108,34.87479275,127.5688043,5.250414496,75,75
90,140.5427322,78.91453552,129.4572678,101.0854645,35.62515409,128.6128857,3.749691825,75,75
90,140.0710526,79.8578949,129.9289474,100.1421051,36.37506878,129.6158396,2.249862435,75,75
90,139.5942459,80.81150818,130.4057541,99.18849182,37.1248507,130.5767857,0.750298605,75,75
90,150.3765488,59.24690247,119.6234512,120.7530975,17.99973499,95.74748359,39.00053002,75,75
90,150.7495346,58.50093079,119.2504654,121.4990692,17.25011048,94.04981703,40.49977905,75,75
90,151.1196365,57.76072693,118.8803635,122.2392731,16.49985657,92.33262062,42.00028686,75,75
90,151.4865341,57.02693176,118.5134659,122.9730682,15.74970836,90.59817936,43.50058328,75,75
90,151.8502274,56.29954529,118.1497726,123.7004547,14.99975983,88.84732639,45.00048033,75,75
90,152.2107162,55.5785675,117.7892838,124.4214325,14.25010512,87.08088726,46.49978975,75,75
90,152.5683212,54.86335754,117.4316788,125.1366425,13.50016375,85.29806864,47.9996725,75,75
90,152.9230423,54.15391541,117.0769577,125.8460846,12.7500133,83.49959948,49.4999734,75,75
90,153.2748795,53.45024109,116.7251205,126.5497589,11.99973153,81.68620221,51.00053694,75,75
90,153.6235123,52.75297546,116.3764877,127.2470245,11.25008825,79.86028412,52.49982349,75,75
90,153.9695816,52.06083679,116.0304184,127.9391632,10.49978364,78.01919762,54.00043272,75,75
90,154.3124466,51.37510681,115.6875534,128.6248932,9.750285639,76.16705404,55.49942872,75,75
90,154.6527481,50.69450378,115.3472519,129.3054962,9.000272085,74.30108676,56.99945583,75,75
90,154.9904861,50.01902771,115.0095139,129.9809723,8.249804737,72.4219066,58.50039053,75,75
90,155.3253403,49.34931946,114.6746597,130.6506805,7.499666332,70.53194006,60.00066734,75,75
90,155.6573105,48.68537903,114.3426895,131.314621,6.749936676,68.63186276,61.50012665,75,75
90,155.9867172,48.02656555,114.0132828,131.9734344,5.99996353,66.72047147,63.00007294,75,75
90,156.3135605,47.37287903,113.6864395,132.627121,5.249809907,64.79835307,64.50038019,75,75
90,156.6375198,46.72496033,113.3624802,133.2750397,4.500283517,62.86801042,65.99943297,75,75
90,156.9592361,46.08152771,113.0407639,133.9184723,3.749965385,60.92620001,67.50006923,75,75
90,157.278389,45.44322205,112.721611,134.556778,2.99965808,58.97538836,69.00068384,75,75
90,157.5946579,44.8106842,112.4053421,135.1893158,2.250188582,57.01813453,70.49962284,75,75
90,157.9086838,44.18263245,112.0913162,135.8173676,1.500103326,55.05103042,71.99979335,75,75
90,158.2201462,43.55970764,111.7798538,136.4402924,0.75022425,53.07659931,73.4995515,75,75
90,152.5683212,54.86335754,117.4316788,125.1366425,17.67874259,111.6995784,62.85656012,98.21404529,98.21404529
90.00031754,145.7849951,68.42937469,124.2146873,111.5706253,50,118,32.83630518,100,67.16369482
90.0061451,164.501244,30.98522186,105.4926109,149.0147781,50,4.500000026,96.9563374,100,3.043662597
89.99982554,141.882594,76.23516083,128.1175804,103.7648392,50,151,14.10821657,100,85.89178343
90.00004897,143.6552893,72.68932343,126.3446617,107.3106766,50,135.5,23.01888401,100,76.98111599
89.99976026,153.4066309,53.18721771,116.5936089,126.8127823,50,64,62.23747426,100,37.76252574
90.00005282,162.0505186,35.89885712,107.9494286,144.1011429,50,16,89.59474859,100,10.40525141
89.9998417,147.3328266,65.33466339,122.6673317,114.6653366,50,106,39.44862225,100,60.55137775
89.99977326,144.672487,70.65547943,125.3277397,109.3445206,50,127,27.8163655,100,72.1836345
89.99996872,163.0960205,33.80802155,106.9040108,146.1919785,50,11,92.73066195,100,7.269338045
90.00034083,150.4469515,59.10541534,119.5527077,120.8945847,50,83.5,51.67868189,100,48.32131811
89.99952452,160.2496324,39.5016861,109.750843,140.4983139,50,25,84.1498483,100,15.8501517
89.99947769,159.7662808,40.46848297,110.2342415,139.531517,50,27.5,82.67515911,100,17.32484089
90.00074098,159.5734434,40.85163116,110.4258156,139.1483688,50,28.5,82.08929709,100,17.91070291
89.99994831,139.8403875,80.31932831,130.1596642,99.68067169,50,170,2.857725093,100,97.14227491
89.99957618,152.4681706,55.06450653,117.5322533,124.9354935,50,70,58.98152412,100,41.01847588
90.00004897,143.6552893,72.68932343,126.3446617,107.3106766,50,135.5,23.01888401,100,76.98111599
89.99932192,157.6292524,44.74285126,112.3714256,135.2571487,50,39,76.05396441,100,23.94603559
89.99979175,143.714598,72.5712204,126.2856102,107.4287796,50,135,23.30272949,100,76.69727051
90.00003655,152.1604363,55.67905426,117.8395271,124.3209457,50,72,57.8984606,100,42.1015394
89.9995669,163.4167425,33.16738129,106.5836906,146.8326187,50,9.5,93.68976473,100,6.310235268
89.9997998,152.0082378,55.98392487,117.9919624,124.0160751,50,73,57.35717513,100,42.64282487
90.00040125,150.8118432,58.37551117,119.1877556,121.6244888,50,81,53.03065944,100,46.96934056
90.00007222,159.2891543,41.42154694,110.7107735,138.5784531,50,30,81.21444197,100,18.78555803
90.00012129,144.4297531,71.14025116,125.5701256,108.8597488,50,129,26.69275198,100,73.30724802
90.00031754,145.7849951,68.42937469,124.2146873,111.5706253,50,118,32.83630518,100,67.16369482
89.99965368,156.7407447,46.51920319,113.2596016,133.4807968,50,44,73.24138237,100,26.75861763
90.00012559,152.9335101,54.13272858,117.0663643,125.8672714,50,67,60.60808273,100,39.39191727
89.99965416,159.1951586,41.61037445,110.8051872,138.3896255,50,30.5,80.92385015,100,19.07614985
89.99973545,143.7737059,72.45311737,126.2265587,107.5468826,50,134.5,23.58636343,100,76.41363657
90.00146013,162.4631586,35.07076263,107.5353813,144.9292374,50,14,90.83840841,100,9.161591592
89.99975488,142.5003023,74.99988556,127.4999428,105.0001144,50,145.5,17.29567698,100,82.70432302
89.99985447,139.6334578,80.73337555,130.3666878,99.26662445,50,172,1.650481393,100,98.34951861
90.0006161,163.6309566,32.73685455,106.3684273,147.2631454,50,8.5,94.33428105,100,5.665718947
90.00015262,148.1345176,63.73065948,121.8653297,116.2693405,50,100,42.72671322,100,57.27328678
89.99975168,156.6530994,46.69429779,113.3471489,133.3057022,50,44.5,72.96188964,100,27.03811036
89.99916968,161.4399439,37.12177277,108.5608864,142.8782272,50,19,87.75376268,100,12.24623732
89.99994999,146.4211964,67.15770721,123.5788536,112.8422928,50,113,35.60161111,100,64.39838889
90.00022133,145.1001624,69.79923248,124.8996162,110.2007675,50,123.5,29.77544482,100,70.22455518
90.00146013,162.4631586,35.07076263,107.5353813,144.9292374,50,14,90.83840841,100,9.161591592
90.0000194,146.8736264,66.25270844,123.1263542,113.7472916,50,109.5,37.5284529,100,62.4715471
90.00136322,162.3592287,35.27881622,107.6394081,144.7211838,50,14.5,90.52620904,100,9.473790963
89.99975488,142.5003023,74.99988556,127.4999428,105.0001144,50,145.5,17.29567698,100,82.70432302
89.99934622,161.6423278,36.71665192,108.358326,143.2833481,50,18,88.36430199,100,11.63569801
90.00070789,157.8081109,44.38236237,112.1911812,135.6176376,50,38,76.62073808,100,23.37926192
89.99931935,160.7404458,38.52046967,109.2602348,141.4795303,50,22.5,85.63974281,100,14.36025719
90.00005159,141.9936046,76.01268768,128.0063438,103.9873123,50,150,14.68993076,100,85.31006924
90.00014751,143.4790662,73.04157257,126.5207863,106.9584274,50,137,22.16606303,100,77.83393697
90.00016392,143.3039552,73.39176178,126.6958809,106.6082382,50,138.5,21.31129332,100,78.68870668
90.00029802,148.3379626,63.3234787,121.6617393,116.6765213,50,98.5,43.54386082,100,56.45613918
89.99991787,157.9905187,44.01912689,112.0095634,135.9808731,50,37,77.18893418,100,22.81106582
119,90,119,122,90,50,106.9524751,19.49050434,100,50
117,90,117,126,90,50,110.9514536,21.85080122,100,50
115,90,115,130,90,50,114.815255,24.18447626,100,50
113,90,113,134,90,50,118.5391716,26.48868625,100,50
111,90,111,138,90,50,122.1186665,28.76062385,100,50
109,90,109,142,90,50,125.5493786,30.99752106,100,50
107,90,107,146,90,50,128.8271282,33.19665256,100,50
105,90,105,150,90,50,131.9479217,35.35533906,100,50
103,90,103,154,90,50,134.907957,37.47095052,100,50
101,90,101,158,90,50,137.7036277,39.5409094,100,50
99,90,99,162,90,50,140.3315278,41.56269378,100,50
97,90,97,166,90,50,142.7884556,43.53384041,100,50
95,90,95,170,90,50,145.0714176,45.45194777,100,50
93,90,93,174,90,50,147.1776324,47.31467893,100,50
91,90,91,178,90,50,149.104534,49.11976444,100,50
122,90,122,116,90,50,100.7112512,15.9064416,100,50
124,90,124,112,90,50,96.39599071,13.49223345,100,50
126,90,126,108,90,50,91.96328654,11.0615871,100,50
128,90,128,104,90,50,87.41853927,8.617463914,100,50
130,90,130,100,90,50,82.76728598,6.162841672,100,50
132,90,132,96,90,50,78.0151935,3.700710956,100,50
134,90,134,92,90,50,73.16805153,1.234071494,100,50
108,90,108,144,90,41.24484387,104.9331749,26.48081984,82.48968773,41.24484387
99,90,99,162,90,70.67086191,198.3470005,58.74542785,141.3417238,70.67086191
124,90,124,112,90,70.46207601,135.8452325,19.01381558,140.924152,70.46207601
132,90,132,96,90,61.00410139,95.1849355,4.515170928,122.0082028,61.00410139
104,90,104,152,90,73.84256478,197.0832418,53.78499177,147.6851296,73.84256478
126,90,126,108,90,65.7259979,120.8875756,14.54067702,131.4519958,65.7259979
111,90,111,138,90,71.35026124,174.2639751,41.0415605,142.7005225,71.35026124
92,90,92,176,90,62.58886478,185.4678921,60.36641745,125.1777296,62.58886478
133,90,133,94,90,40.03860119,60.54087722,1.976118837,80.07720238,40.03860119
123,90,123,114,90,68.46434072,134.9687301,20.13067505,136.9286814,68.46434072
127,90,127,106,90,52.59262544,94.35598262,10.35130615,105.1852509,52.59262544
128,90,128,104,90,56.60861646,98.97285122,9.756454191,113.2172329,56.60861646
111,90,111,138,90,44.92641608,109.7270804,25.84223508,89.85283216,44.92641608
111,90,111,138,90,55.76843402,136.2073359,32.07869907,111.536868,55.76843402
124,90,124,112,90,66.92975698,129.0352046,18.06063812,133.859514,66.92975698
115,90,115,130,90,51.54718844,118.3680717,24.93283511,103.0943769,51.54718844
110,90,110,140,90,55.54336736,137.5841269,33.19674197,111.0867347,55.54336736
133,90,133,94,90,67.07938626,101.4282409,3.31072602,134.1587725,67.07938626
118,90,118,124,90,46.42869862,101.1853694,19.19715399,92.85739725,46.42869862
106,90,106,148,90,67.99205958,177.333336,46.61701098,135.9841192,67.99205958
113,90,113,134,90,59.08835045,140.0856823,31.30345552,118.1767009,59.08835045
101,90,101,158,90,72.92137073,200.8307458,57.66754627,145.8427415,72.92137073
110,90,110,140,90,37.12723012,91.96629197,22.18992361,74.25446025,37.12723012
128,90,128,104,90,45.34334067,79.27697215,7.81489204,90.68668135,45.34334067
124,90,124,112,90,68.69404971,132.4366196,18.53672311,137.3880994,68.69404971
124,90,124,112,90,63.28071076,122.0001361,17.07596245,126.5614215,63.28071076
130,90,130,100,90,51.8055151,85.75603768,6.385383746,103.6110302,51.8055151
119,90,119,122,90,56.65052621,121.1782798,22.08294654,113.3010524,56.65052621
270.000327,214.661195,290.6769562,235.3384781,249.3230438,50.7049893,136.5839488,50.7049893,101.4099786,101.4099786
270.000327,214.661195,290.6769562,235.3384781,249.3230438,45.53424011,122.65551,45.53424011,91.06848023,91.06848023
270.000327,214.661195,290.6769562,235.3384781,249.3230438,42.08652165,113.3683963,42.08652165,84.17304331,84.17304331
270.000327,214.661195,290.6769562,235.3384781,249.3230438,36.17416103,97.44227988,36.17416103,72.34832207,72.34832207
270.000327,214.661195,290.6769562,235.3384781,249.3230438,49.08870945,132.2301784,49.08870945,98.1774189,98.1774189
270.000327,214.661195,290.6769562,235.3384781,249.3230438,19.01089037,51.20960506,19.01089037,38.02178073,38.02178073
270.000327,214.661195,290.6769562,235.3384781,249.3230438,36.78171597,99.07884964,36.78171597,73.56343193,73.56343193
270.000327,214.661195,290.6769562,235.3384781,249.3230438,30.27054854,81.53972832,30.27054854,60.54109708,60.54109708
270.000327,214.661195,290.6769562,235.3384781,249.3230438,37.54617551,101.1380731,37.54617551,75.09235101,75.09235101
270.000327,214.661195,290.6769562,235.3384781,249.3230438,28.8179856,77.62696185,28.8179856,57.6359712,57.6359712
270.000327,214.661195,290.6769562,235.3384781,249.3230438,40.10052911,108.0187313,40.10052911,80.20105821,80.20105821
270.000327,214.661195,290.6769562,235.3384781,249.3230438,32.66206628,87.98175585,32.66206628,65.32413256,65.32413256
270.000327,214.661195,290.6769562,235.3384781,249.3230438,36.03164135,97.05837483,36.03164135,72.06328269,72.06328269
270.000327,214.661195,290.6769562,235.3384781,249.3230438,42.03839533,113.2387585,42.03839533,84.07679067,84.07679067
270.000327,214.661195,290.6769562,235.3384781,249.3230438,41.54556087,111.9112111,41.54556087,83.09112175,83.09112175
270.000327,214.661195,290.6769562,235.3384781,249.3230438,43.88083544,118.2017365,43.88083544,87.76167089,87.76167089
270.000327,214.661195,290.6769562,235.3384781,249.3230438,52.35462219,141.0275623,52.35462219,104.7092444,104.7092444
270.000327,214.661195,290.6769562,235.3384781,249.3230438,51.90623178,139.8197338,51.90623178,103.8124636,103.8124636
270.000327,214.661195,290.6769562,235.3384781,249.3230438,22.89874507,61.68231309,22.89874507,45.79749015,45.79749015
270.000327,214.661195,290.6769562,235.3384781,249.3230438,39.50011763,106.4014039,39.50011763,79.00023526,79.00023526
270.000327,214.661195,290.6769562,235.3384781,249.3230438,24.70486366,66.54745184,24.70486366,49.40972732,49.40972732
270.000327,214.661195,290.6769562,235.3384781,249.3230438,26.13906857,70.41076732,26.13906857,52.27813714,52.27813714
270.000327,214.661195,290.6769562,235.3384781,249.3230438,23.93423277,64.47160463,23.93423277,47.86846554,47.86846554
270.000327,214.661195,290.6769562,235.3384781,249.3230438,44.47764578,119.8093635,44.47764578,88.95529157,88.95529157
270.000327,214.661195,290.6769562,235.3384781,249.3230438,33.78884109,91.01694734,33.78884109,67.57768217,67.57768217
270.000327,214.661195,290.6769562,235.3384781,249.3230438,43.53847086,117.2795095,43.53847086,87.07694171,87.07694171
270.000327,214.661195,290.6769562,235.3384781,249.3230438,51.82771807,139.6082415,51.82771807,103.6554361,103.6554361
270.000327,214.661195,290.6769562,235.3384781,249.3230438,27.43036309,73.88912531,27.43036309,54.86072618,54.86072618
270.000327,214.661195,290.6769562,235.3384781,249.3230438,19.58567071,52.75788996,19.58567071,39.17134142,39.17134142
270.000327,214.661195,290.6769562,235.3384781,249.3230438,31.6303735,85.20268665,31.6303735,63.260747,63.260747
270.000327,214.661195,290.6769562,235.3384781,249.3230438,45.92036374,123.6956106,45.92036374,91.84072748,91.84072748
270.000327,214.661195,290.6769562,235.3384781,249.3230438,24.23324555,65.27705489,24.23324555,48.4664911,48.4664911
270.000327,214.661195,290.6769562,235.3384781,249.3230438,31.56367572,85.02302294,31.56367572,63.12735143,63.12735143
270.000327,214.661195,290.6769562,235.3384781,249.3230438,22.82954546,61.49591019,22.82954546,45.65909092,45.65909092
270.000327,214.661195,290.6769562,235.3384781,249.3230438,41.97959852,113.0803776,41.97959852,83.95919705,83.95919705
270.000327,214.661195,290.6769562,235.3384781,249.3230438,23.8063854,64.12722238,23.8063854,47.6127708,47.6127708
270.000327,214.661195,290.6769562,235.3384781,249.3230438,31.14812866,83.90366449,31.14812866,62.29625732,62.29625732
270.000327,214.661195,290.6769562,235.3384781,249.3230438,41.95493803,113.0139497,41.95493803,83.90987606,83.90987606
270.000327,214.661195,290.6769562,235.3384781,249.3230438,25.97231543,69.96158466,25.97231543,51.94463087,51.94463087
270.000327,214.661195,290.6769562,235.3384781,249.3230438,23.19837358,62.48942192,23.19837358,46.39674716,46.39674716
270.000327,214.661195,290.6769562,235.3384781,249.3230438,18.71194911,50.40434747,18.71194911,37.42389822,37.42389822
270.000327,214.661195,290.6769562,235.3384781,249.3230438,45.23873802,121.8595165,45.23873802,90.47747604,90.47747604
270.000327,214.661195,290.6769562,235.3384781,249.3230438,49.72569214,133.9460176,49.72569214,99.45138427,99.45138427
270.000327,214.661195,290.6769562,235.3384781,249.3230438,42.0152291,113.1763556,42.0152291,84.03045821,84.03045821
270.000327,214.661195,290.6769562,235.3384781,249.3230438,28.00539135,75.43807803,28.00539135,56.01078271,56.01078271
270.000327,214.661195,290.6769562,235.3384781,249.3230438,34.04133108,91.69707924,34.04133108,68.08266216,68.08266216
270.000327,214.661195,290.6769562,235.3384781,249.3230438,22.07564641,59.46513352,22.07564641,44.15129282,44.15129282
270.000327,214.661195,290.6769562,235.3384781,249.3230438,51.42908064,138.5344325,51.42908064,102.8581613,102.8581613
270.000327,214.661195,290.6769562,235.3384781,249.3230438,37.42173236,100.8028608,37.42173236,74.84346472,74.84346472
270.000327,214.661195,290.6769562,235.3384781,249.3230438,36.54801534,98.44933063,36.54801534,73.09603068,73.09603068
150,60,135,105,90,25.10928144,50.21856289,25.10928144,48.50740685,25.10928144
150,60,135,105,90,25.91304313,51.82608625,25.91304313,50.06015519,25.91304313
150,60,135,105,90,35.13044315,70.2608863,35.13044315,67.86680466,35.13044315
150,60,135,105,90,25.35268183,50.70536366,25.35268183,48.97762029,25.35268183
150,60,135,105,90,30.06759781,60.13519561,30.06759781,58.08613851,30.06759781
150,60,135,105,90,50.7328924,101.4657848,50.7328924,98.00842203,50.7328924
150,60,135,105,90,31.30723456,62.61446911,31.30723456,60.48093281,31.30723456
150,60,135,105,90,36.26634265,72.53268529,36.26634265,70.06119397,36.26634265
150,60,135,105,90,54.89224937,109.7844987,54.89224937,106.0436827,54.89224937
150,60,135,105,90,57.01425028,114.0285006,57.01425028,110.1430736,57.01425028
150,60,135,105,90,47.48696311,94.97392623,47.48696311,91.73776817,47.48696311
150,60,135,105,90,31.02560316,62.05120632,31.02560316,59.93686274,31.02560316
150,60,135,105,90,47.93719233,95.87438465,47.93719233,92.60754422,47.93719233
150,60,135,105,90,50.40459017,100.8091803,50.40459017,97.37419082,50.40459017
150,60,135,105,90,50.63935791,101.2787158,50.63935791,97.82772727,50.63935791
150,60,135,105,90,49.46102925,98.92205849,49.46102925,95.55137109,49.46102925
150,60,135,105,90,30.04156181,60.08312362,30.04156181,58.03584083,30.04156181
150,60,135,105,90,39.6631639,79.32632781,39.6631639,76.62334873,39.6631639
150,60,135,105,90,51.3056598,102.6113196,51.3056598,99.11492367,51.3056598
150,60,135,105,90,41.22925631,82.45851262,41.22925631,79.64880694,41.22925631
150,60,135,105,90,31.09196929,62.18393858,31.09196929,60.06507225,31.09196929
150,60,135,105,90,22.07892124,44.15784249,22.07892124,42.65320049,22.07892124
150,60,135,105,90,38.80907401,77.61814802,38.80907401,74.97337377,38.80907401
150,60,135,105,90,31.97895621,63.95791242,31.97895621,61.7785994,31.97895621
150,60,135,105,90,29.49435528,58.98871057,29.49435528,56.978719,29.49435528
150,60,135,105,90,56.50935721,113.0187144,56.50935721,109.1676951,56.50935721
150,60,135,105,90,43.15822432,86.31644865,43.15822432,83.37528698,43.15822432
150,60,135,105,90,30.90655657,61.81311313,30.90655657,59.70688238,30.90655657
150,60,135,105,90,32.15754243,64.31508487,32.15754243,62.1236015,32.15754243
150,60,135,105,90,23.27716775,46.55433551,23.27716775,44.96803499,23.27716775
150,60,135,105,90,20.31381422,40.62762844,20.31381422,39.24327557,20.31381422
150,60,135,105,90,47.24484058,94.48968116,47.24484058,91.27002335,47.24484058
150,60,135,105,90,42.11379592,84.22759185,42.11379592,81.35760625,42.11379592
150,60,135,105,90,57.87003209,115.7400642,57.87003209,111.7963171,57.87003209
150,60,135,105,90,40.78002772,81.56005545,40.78002772,78.78096395,40.78002772
150,60,135,105,90,49.44558375,98.89116751,49.44558375,95.52153269,49.44558375
150,60,135,105,90,25.1493302,50.2986604,25.1493302,48.58477511,25.1493302
150,60,135,105,90,24.51404038,49.02808076,24.51404038,47.35748942,24.51404038
150,60,135,105,90,55.93485214,111.8697043,55.93485214,108.0578365,55.93485214
150,60,135,105,90,35.27971845,70.55943689,35.27971845,68.15518238,35.27971845
150,60,135,105,90,21.18291584,42.36583169,21.18291584,40.92225098,21.18291584
150,60,135,105,90,35.8268239,71.6536478,35.8268239,69.21210895,35.8268239
150,60,135,105,90,59.23528493,118.4705699,59.23528493,114.4337831,59.23528493
150,60,135,105,90,35.74281915,71.4856383,35.74281915,69.04982424,35.74281915
150,60,135,105,90,51.84990924,103.6998185,51.84990924,100.1663328,51.84990924
150,60,135,105,90,52.37297206,104.7459441,52.37297206,101.1768126,52.37297206
150,60,135,105,90,33.23905285,66.4781057,33.23905285,64.21291918,33.23905285
150,60,135,105,90,58.44130012,116.8826002,58.44130012,112.8999222,58.44130012
150,60,135,105,90,20.94428277,41.88856554,20.94428277,40.46124729,20.94428277
150,60,135,105,90,22.88489532,45.76979063,22.88489532,44.21022284,22.88489532
