n, x, pi, p
1, 0,0.01, 0.99
1, 0,0.05, 0.95
1, 0,0.1, 0.9
1, 0,0.15, 0.85
1, 0,0.2, 0.8
1, 0,0.25, 0.75
1, 0,0.3, 0.7
1, 0,0.35, 0.65
1, 0,0.4, 0.6
1, 0,0.45, 0.55
1, 0,0.5, 0.5
1, 1,0.01, 0.01
1, 1,0.05, 0.05
1, 1,0.1, 0.1
1, 1,0.15, 0.15
1, 1,0.2, 0.2
1, 1,0.25, 0.25
1, 1,0.3, 0.3
1, 1,0.35, 0.35
1, 1,0.4, 0.4
1, 1,0.45, 0.45
1, 1,0.5, 0.5
2, 0,0.01, 0.9801
2, 0,0.05, 0.9025
2, 0,0.1, 0.81
2, 0,0.15, 0.7225
2, 0,0.2, 0.64
2, 0,0.25, 0.5625
2, 0,0.3, 0.49
2, 0,0.35, 0.4225
2, 0,0.4, 0.36
2, 0,0.45, 0.3025
2, 0,0.5, 0.25
2, 1,0.01, 0.0198
2, 1,0.05, 0.095
2, 1,0.1, 0.18
2, 1,0.15, 0.255
2, 1,0.2, 0.32
2, 1,0.25, 0.375
2, 1,0.3, 0.42
2, 1,0.35, 0.455
2, 1,0.4, 0.48
2, 1,0.45, 0.495
2, 1,0.5, 0.5
2, 2,0.01, 0.0001
2, 2,0.05, 0.0025
2, 2,0.1, 0.01
2, 2,0.15, 0.0225
2, 2,0.2, 0.04
2, 2,0.25, 0.0625
2, 2,0.3, 0.09
2, 2,0.35, 0.1225
2, 2,0.4, 0.16
2, 2,0.45, 0.2025
2, 2,0.5, 0.25
3, 0,0.01, 0.970299
3, 0,0.05, 0.857375
3, 0,0.1, 0.729
3, 0,0.15, 0.614125
3, 0,0.2, 0.512
3, 0,0.25, 0.421875
3, 0,0.3, 0.343
3, 0,0.35, 0.274625
3, 0,0.4, 0.216
3, 0,0.45, 0.166375
3, 0,0.5, 0.125
3, 1,0.01, 0.029403
3, 1,0.05, 0.135375
3, 1,0.1, 0.243
3, 1,0.15, 0.325125
3, 1,0.2, 0.384
3, 1,0.25, 0.421875
3, 1,0.3, 0.441
3, 1,0.35, 0.443625
3, 1,0.4, 0.432
3, 1,0.45, 0.408375
3, 1,0.5, 0.375
3, 2,0.01, 0.000297
3, 2,0.05, 0.007125
3, 2,0.1, 0.027
3, 2,0.15, 0.057375
3, 2,0.2, 0.096
3, 2,0.25, 0.140625
3, 2,0.3, 0.189
3, 2,0.35, 0.238875
3, 2,0.4, 0.288
3, 2,0.45, 0.334125
3, 2,0.5, 0.375
3, 3,0.01, 1e-06
3, 3,0.05, 0.000125
3, 3,0.1, 0.001
3, 3,0.15, 0.003375
3, 3,0.2, 0.008
3, 3,0.25, 0.015625
3, 3,0.3, 0.027
3, 3,0.35, 0.042875
3, 3,0.4, 0.064
3, 3,0.45, 0.091125
3, 3,0.5, 0.125
4, 0,0.01, 0.96059601
4, 0,0.05, 0.81450625
4, 0,0.1, 0.6561
4, 0,0.15, 0.52200625
4, 0,0.2, 0.4096
4, 0,0.25, 0.31640625
4, 0,0.3, 0.2401
4, 0,0.35, 0.17850625
4, 0,0.4, 0.1296
4, 0,0.45, 0.09150625
4, 0,0.5, 0.0625
4, 1,0.01, 0.03881196
4, 1,0.05, 0.171475
4, 1,0.1, 0.2916
4, 1,0.15, 0.368475
4, 1,0.2, 0.4096
4, 1,0.25, 0.421875
4, 1,0.3, 0.4116
4, 1,0.35, 0.384475
4, 1,0.4, 0.3456
4, 1,0.45, 0.299475
4, 1,0.5, 0.25
4, 2,0.01, 0.00058806
4, 2,0.05, 0.0135375
4, 2,0.1, 0.0486
4, 2,0.15, 0.0975375
4, 2,0.2, 0.1536
4, 2,0.25, 0.2109375
4, 2,0.3, 0.2646
4, 2,0.35, 0.3105375
4, 2,0.4, 0.3456
4, 2,0.45, 0.3675375
4, 2,0.5, 0.375
4, 3,0.01, 3.96e-06
4, 3,0.05, 0.000475
4, 3,0.1, 0.0036
4, 3,0.15, 0.011475
4, 3,0.2, 0.0256
4, 3,0.25, 0.046875
4, 3,0.3, 0.0756
4, 3,0.35, 0.111475
4, 3,0.4, 0.1536
4, 3,0.45, 0.200475
4, 3,0.5, 0.25
4, 4,0.01, 1e-08
4, 4,0.05, 6.25e-06
4, 4,0.1, 0.0001
4, 4,0.15, 0.00050625
4, 4,0.2, 0.0016
4, 4,0.25, 0.00390625
4, 4,0.3, 0.0081
4, 4,0.35, 0.01500625
4, 4,0.4, 0.0256
4, 4,0.45, 0.04100625
4, 4,0.5, 0.0625
5, 0,0.01, 0.9509900499
5, 0,0.05, 0.7737809375
5, 0,0.1, 0.59049
5, 0,0.15, 0.4437053125
5, 0,0.2, 0.32768
5, 0,0.25, 0.2373046875
5, 0,0.3, 0.16807
5, 0,0.35, 0.1160290625
5, 0,0.4, 0.07776
5, 0,0.45, 0.0503284375
5, 0,0.5, 0.03125
5, 1,0.01, 0.0480298005
5, 1,0.05, 0.2036265625
5, 1,0.1, 0.32805
5, 1,0.15, 0.3915046875
5, 1,0.2, 0.4096
5, 1,0.25, 0.3955078125
5, 1,0.3, 0.36015
5, 1,0.35, 0.3123859375
5, 1,0.4, 0.2592
5, 1,0.45, 0.2058890625
5, 1,0.5, 0.15625
5, 2,0.01, 0.000970299
5, 2,0.05, 0.021434375
5, 2,0.1, 0.0729
5, 2,0.15, 0.138178125
5, 2,0.2, 0.2048
5, 2,0.25, 0.263671875
5, 2,0.3, 0.3087
5, 2,0.35, 0.336415625
5, 2,0.4, 0.3456
5, 2,0.45, 0.336909375
5, 2,0.5, 0.3125
5, 3,0.01, 9.801e-06
5, 3,0.05, 0.001128125
5, 3,0.1, 0.0081
5, 3,0.15, 0.024384375
5, 3,0.2, 0.0512
5, 3,0.25, 0.087890625
5, 3,0.3, 0.1323
5, 3,0.35, 0.181146875
5, 3,0.4, 0.2304
5, 3,0.45, 0.275653125
5, 3,0.5, 0.3125
5, 4,0.01, 4.95e-08
5, 4,0.05, 2.96875e-05
5, 4,0.1, 0.00045
5, 4,0.15, 0.0021515625
5, 4,0.2, 0.0064
5, 4,0.25, 0.0146484375
5, 4,0.3, 0.02835
5, 4,0.35, 0.0487703125
5, 4,0.4, 0.0768
5, 4,0.45, 0.1127671875
5, 4,0.5, 0.15625
5, 5,0.01, 1e-10
5, 5,0.05, 3.125e-07
5, 5,0.1, 1e-05
5, 5,0.15, 7.59375e-05
5, 5,0.2, 0.00032
5, 5,0.25, 0.0009765625
5, 5,0.3, 0.00243
5, 5,0.35, 0.0052521875
5, 5,0.4, 0.01024
5, 5,0.45, 0.0184528125
5, 5,0.5, 0.03125
6, 0,0.01, 0.941480149401
6, 0,0.05, 0.735091890625
6, 0,0.1, 0.531441
6, 0,0.15, 0.377149515625
6, 0,0.2, 0.262144
6, 0,0.25, 0.177978515625
6, 0,0.3, 0.117649
6, 0,0.35, 0.075418890625
6, 0,0.4, 0.046656
6, 0,0.45, 0.027680640625
6, 0,0.5, 0.015625
6, 1,0.01, 0.057059402994
6, 1,0.05, 0.23213428125
6, 1,0.1, 0.354294
6, 1,0.15, 0.39933478125
6, 1,0.2, 0.393216
6, 1,0.25, 0.35595703125
6, 1,0.3, 0.302526
6, 1,0.35, 0.24366103125
6, 1,0.4, 0.186624
6, 1,0.45, 0.13588678125
6, 1,0.5, 0.09375
6, 2,0.01, 0.001440894015
6, 2,0.05, 0.030543984375
6, 2,0.1, 0.098415
6, 2,0.15, 0.176177109375
6, 2,0.2, 0.24576
6, 2,0.25, 0.296630859375
6, 2,0.3, 0.324135
6, 2,0.35, 0.328005234375
6, 2,0.4, 0.31104
6, 2,0.45, 0.277950234375
6, 2,0.5, 0.234375
6, 3,0.01, 1.940598e-05
6, 3,0.05, 0.0021434375
6, 3,0.1, 0.01458
6, 3,0.15, 0.0414534375
6, 3,0.2, 0.08192
6, 3,0.25, 0.1318359375
6, 3,0.3, 0.18522
6, 3,0.35, 0.2354909375
6, 3,0.4, 0.27648
6, 3,0.45, 0.3032184375
6, 3,0.5, 0.3125
6, 4,0.01, 1.47015e-07
6, 4,0.05, 8.4609375e-05
6, 4,0.1, 0.001215
6, 4,0.15, 0.005486484375
6, 4,0.2, 0.01536
6, 4,0.25, 0.032958984375
6, 4,0.3, 0.059535
6, 4,0.35, 0.095102109375
6, 4,0.4, 0.13824
6, 4,0.45, 0.186065859375
6, 4,0.5, 0.234375
6, 5,0.01, 5.94e-10
6, 5,0.05, 1.78125e-06
6, 5,0.1, 5.4e-05
6, 5,0.15, 0.00038728125
6, 5,0.2, 0.001536
6, 5,0.25, 0.00439453125
6, 5,0.3, 0.010206
6, 5,0.35, 0.02048353125
6, 5,0.4, 0.036864
6, 5,0.45, 0.06089428125
6, 5,0.5, 0.09375
6, 6,0.01, 1e-12
6, 6,0.05, 1.5625e-08
6, 6,0.1, 1e-06
6, 6,0.15, 1.1390625e-05
6, 6,0.2, 6.4e-05
6, 6,0.25, 0.000244140625
6, 6,0.3, 0.000729
6, 6,0.35, 0.001838265625
6, 6,0.4, 0.004096
6, 6,0.45, 0.008303765625
6, 6,0.5, 0.015625
7, 0,0.01, 0.932065347907
7, 0,0.05, 0.698337296094
7, 0,0.1, 0.4782969
7, 0,0.15, 0.320577088281
7, 0,0.2, 0.2097152
7, 0,0.25, 0.133483886719
7, 0,0.3, 0.0823543
7, 0,0.35, 0.0490222789063
7, 0,0.4, 0.0279936
7, 0,0.45, 0.0152243523438
7, 0,0.5, 0.0078125
7, 1,0.01, 0.0659036104581
7, 1,0.05, 0.257282161719
7, 1,0.1, 0.3720087
7, 1,0.15, 0.396006991406
7, 1,0.2, 0.3670016
7, 1,0.25, 0.311462402344
7, 1,0.3, 0.2470629
7, 1,0.35, 0.184776282031
7, 1,0.4, 0.1306368
7, 1,0.45, 0.0871940179688
7, 1,0.5, 0.0546875
7, 2,0.01, 0.00199707910479
7, 2,0.05, 0.0406234992187
7, 2,0.1, 0.1240029
7, 2,0.15, 0.209650760156
7, 2,0.2, 0.2752512
7, 2,0.25, 0.311462402344
7, 2,0.3, 0.3176523
7, 2,0.35, 0.298484763281
7, 2,0.4, 0.2612736
7, 2,0.45, 0.214021680469
7, 2,0.5, 0.1640625
7, 3,0.01, 3.362086035e-05
7, 3,0.05, 0.00356346484375
7, 3,0.1, 0.0229635
7, 3,0.15, 0.0616619882813
7, 3,0.2, 0.114688
7, 3,0.25, 0.173034667969
7, 3,0.3, 0.2268945
7, 3,0.35, 0.267870941406
7, 3,0.4, 0.290304
7, 3,0.45, 0.291847746094
7, 3,0.5, 0.2734375
7, 4,0.01, 3.3960465e-07
7, 4,0.05, 0.00018755078125
7, 4,0.1, 0.0025515
7, 4,0.15, 0.0108815273438
7, 4,0.2, 0.028672
7, 4,0.25, 0.0576782226562
7, 4,0.3, 0.0972405
7, 4,0.35, 0.144238199219
7, 4,0.4, 0.193536
7, 4,0.45, 0.238784519531
7, 4,0.5, 0.2734375
7, 5,0.01, 2.05821e-09
7, 5,0.05, 5.92265625e-06
7, 5,0.1, 0.0001701
7, 5,0.15, 0.00115216171875
7, 5,0.2, 0.0043008
7, 5,0.25, 0.0115356445312
7, 5,0.3, 0.0250047
7, 5,0.35, 0.0466000335937
7, 5,0.4, 0.0774144
7, 5,0.45, 0.117221491406
7, 5,0.5, 0.1640625
7, 6,0.01, 6.93e-12
7, 6,0.05, 1.0390625e-07
7, 6,0.1, 6.3e-06
7, 6,0.15, 6.777421875e-05
7, 6,0.2, 0.0003584
7, 6,0.25, 0.00128173828125
7, 6,0.3, 0.0035721
7, 6,0.35, 0.00836410859375
7, 6,0.4, 0.0172032
7, 6,0.45, 0.0319694976562
7, 6,0.5, 0.0546875
7, 7,0.01, 1e-14
7, 7,0.05, 7.8125e-10
7, 7,0.1, 1e-07
7, 7,0.15, 1.70859375e-06
7, 7,0.2, 1.28e-05
7, 7,0.25, 6.103515625e-05
7, 7,0.3, 0.0002187
7, 7,0.35, 0.00064339296875
7, 7,0.4, 0.0016384
7, 7,0.45, 0.00373669453125
7, 7,0.5, 0.0078125
8, 0,0.01, 0.922744694428
8, 0,0.05, 0.663420431289
8, 0,0.1, 0.43046721
8, 0,0.15, 0.272490525039
8, 0,0.2, 0.16777216
8, 0,0.25, 0.100112915039
8, 0,0.3, 0.05764801
8, 0,0.35, 0.0318644812891
8, 0,0.4, 0.01679616
8, 0,0.45, 0.00837339378906
8, 0,0.5, 0.00390625
8, 1,0.01, 0.0745652278326
8, 1,0.05, 0.279334918437
8, 1,0.1, 0.38263752
8, 1,0.15, 0.384692505937
8, 1,0.2, 0.33554432
8, 1,0.25, 0.266967773438
8, 1,0.3, 0.19765032
8, 1,0.35, 0.137262380938
8, 1,0.4, 0.08957952
8, 1,0.45, 0.0548076684375
8, 1,0.5, 0.03125
8, 2,0.01, 0.00263614441832
8, 2,0.05, 0.0514564323437
8, 2,0.1, 0.14880348
8, 2,0.15, 0.237604194844
8, 2,0.2, 0.29360128
8, 2,0.25, 0.311462402344
8, 2,0.3, 0.29647548
8, 2,0.35, 0.258686794844
8, 2,0.4, 0.20901888
8, 2,0.45, 0.156949232344
8, 2,0.5, 0.109375
8, 3,0.01, 5.32554427944e-05
8, 3,0.05, 0.0054164665625
8, 3,0.1, 0.03306744
8, 3,0.15, 0.0838603040625
8, 3,0.2, 0.14680064
8, 3,0.25, 0.207641601562
8, 3,0.3, 0.25412184
8, 3,0.35, 0.278585779062
8, 3,0.4, 0.27869184
8, 3,0.45, 0.256826016562
8, 3,0.5, 0.21875
8, 4,0.01, 6.72417207e-07
8, 4,0.05, 0.000356346484375
8, 4,0.1, 0.0045927
8, 4,0.15, 0.0184985964844
8, 4,0.2, 0.0458752
8, 4,0.25, 0.0865173339844
8, 4,0.3, 0.1361367
8, 4,0.35, 0.187509658984
8, 4,0.4, 0.2322432
8, 4,0.45, 0.262662971484
8, 4,0.5, 0.2734375
8, 5,0.01, 5.4336744e-09
8, 5,0.05, 1.50040625e-05
8, 5,0.1, 0.00040824
8, 5,0.15, 0.0026115665625
8, 5,0.2, 0.00917504
8, 5,0.25, 0.0230712890625
8, 5,0.3, 0.04667544
8, 5,0.35, 0.0807733915625
8, 5,0.4, 0.12386304
8, 5,0.45, 0.171924854062
8, 5,0.5, 0.21875
8, 6,0.01, 2.74428e-11
8, 6,0.05, 3.9484375e-07
8, 6,0.1, 2.268e-05
8, 6,0.15, 0.00023043234375
8, 6,0.2, 0.00114688
8, 6,0.25, 0.00384521484375
8, 6,0.3, 0.01000188
8, 6,0.35, 0.0217466823437
8, 6,0.4, 0.04128768
8, 6,0.45, 0.0703328948437
8, 6,0.5, 0.109375
8, 7,0.01, 7.92e-14
8, 7,0.05, 5.9375e-09
8, 7,0.1, 7.2e-07
8, 7,0.15, 1.16184375e-05
8, 7,0.2, 8.192e-05
8, 7,0.25, 0.0003662109375
8, 7,0.3, 0.00122472
8, 7,0.35, 0.0033456434375
8, 7,0.4, 0.00786432
8, 7,0.45, 0.0164414559375
8, 7,0.5, 0.03125
8, 8,0.01, 1e-16
8, 8,0.05, 3.90625e-11
8, 8,0.1, 1e-08
8, 8,0.15, 2.562890625e-07
8, 8,0.2, 2.56e-06
8, 8,0.25, 1.52587890625e-05
8, 8,0.3, 6.561e-05
8, 8,0.35, 0.000225187539062
8, 8,0.4, 0.00065536
8, 8,0.45, 0.00168151253906
8, 8,0.5, 0.00390625
9, 0,0.01, 0.913517247484
9, 0,0.05, 0.630249409725
9, 0,0.1, 0.387420489
9, 0,0.15, 0.231616946283
9, 0,0.2, 0.134217728
9, 0,0.25, 0.0750846862793
9, 0,0.3, 0.040353607
9, 0,0.35, 0.0207119128379
9, 0,0.4, 0.010077696
9, 0,0.45, 0.00460536658398
9, 0,0.5, 0.001953125
9, 1,0.01, 0.0830470224985
9, 1,0.05, 0.29853919408
9, 1,0.1, 0.387420489
9, 1,0.15, 0.367862208803
9, 1,0.2, 0.301989888
9, 1,0.25, 0.225254058838
9, 1,0.3, 0.155649627
9, 1,0.35, 0.100373116061
9, 1,0.4, 0.060466176
9, 1,0.45, 0.0339122448457
9, 1,0.5, 0.017578125
9, 2,0.01, 0.00335543525247
9, 2,0.05, 0.0628503566484
9, 2,0.1, 0.172186884
9, 2,0.15, 0.259667441508
9, 2,0.2, 0.301989888
9, 2,0.25, 0.300338745117
9, 2,0.3, 0.266827932
9, 2,0.35, 0.216188249977
9, 2,0.4, 0.161243136
9, 2,0.45, 0.110985528586
9, 2,0.5, 0.0703125
9, 3,0.01, 7.90843325497e-05
9, 3,0.05, 0.00771846485156
9, 3,0.1, 0.044641044
9, 3,0.15, 0.10692188768
9, 3,0.2, 0.176160768
9, 3,0.25, 0.233596801758
9, 3,0.3, 0.266827932
9, 3,0.35, 0.271621134586
9, 3,0.4, 0.250822656
9, 3,0.45, 0.211881463664
9, 3,0.5, 0.1640625
9, 4,0.01, 1.19824746287e-06
9, 4,0.05, 0.000609352488281
9, 4,0.1, 0.007440174
9, 4,0.15, 0.0283028526211
9, 4,0.2, 0.066060288
9, 4,0.25, 0.116798400879
9, 4,0.3, 0.171532242
9, 4,0.35, 0.219386301012
9, 4,0.4, 0.250822656
9, 4,0.45, 0.26003634177
9, 4,0.5, 0.24609375
9, 5,0.01, 1.2103509726e-08
9, 5,0.05, 3.20711835938e-05
9, 5,0.1, 0.000826686
9, 5,0.15, 0.00499462105078
9, 5,0.2, 0.016515072
9, 5,0.25, 0.038932800293
9, 5,0.3, 0.073513818
9, 5,0.35, 0.11813108516
9, 5,0.4, 0.167215104
9, 5,0.45, 0.212757006902
9, 5,0.5, 0.24609375
9, 6,0.01, 8.1505116e-11
9, 6,0.05, 1.1253046875e-06
9, 6,0.1, 6.1236e-05
9, 6,0.15, 0.000587602476563
9, 6,0.2, 0.002752512
9, 6,0.25, 0.00865173339844
9, 6,0.3, 0.021003948
9, 6,0.35, 0.0424060305703
9, 6,0.4, 0.074317824
9, 6,0.45, 0.116049276492
9, 6,0.5, 0.1640625
9, 7,0.01, 3.52836e-13
9, 7,0.05, 2.53828125e-08
9, 7,0.1, 2.916e-06
9, 7,0.15, 4.44405234375e-05
9, 7,0.2, 0.000294912
9, 7,0.25, 0.00123596191406
9, 7,0.3, 0.003857868
9, 7,0.35, 0.00978600705469
9, 7,0.4, 0.021233664
9, 7,0.45, 0.0406926034453
9, 7,0.5, 0.0703125
9, 8,0.01, 8.91e-16
9, 8,0.05, 3.33984375e-10
9, 8,0.1, 8.1e-08
9, 8,0.15, 1.96061132813e-06
9, 8,0.2, 1.8432e-05
9, 8,0.25, 0.000102996826172
9, 8,0.3, 0.000413343
9, 8,0.35, 0.00131734710352
9, 8,0.4, 0.003538944
9, 8,0.45, 0.00832348706836
9, 8,0.5, 0.017578125
9, 9,0.01, 1e-18
9, 9,0.05, 1.953125e-12
9, 9,0.1, 1e-09
9, 9,0.15, 3.8443359375e-08
9, 9,0.2, 5.12e-07
9, 9,0.25, 3.81469726562e-06
9, 9,0.3, 1.9683e-05
9, 9,0.35, 7.88156386719e-05
9, 9,0.4, 0.000262144
9, 9,0.45, 0.000756680642578
9, 9,0.5, 0.001953125
10, 0,0.01, 0.904382075009
10, 0,0.05, 0.598736939238
10, 0,0.1, 0.3486784401
10, 0,0.15, 0.196874404341
10, 0,0.2, 0.1073741824
10, 0,0.25, 0.0563135147095
10, 0,0.3, 0.0282475249
10, 0,0.35, 0.0134627433446
10, 0,0.4, 0.0060466176
10, 0,0.45, 0.00253295162119
10, 0,0.5, 0.0009765625
10, 1,0.01, 0.0913517247484
10, 1,0.05, 0.315124704862
10, 1,0.1, 0.387420489
10, 1,0.15, 0.347425419425
10, 1,0.2, 0.268435456
10, 1,0.25, 0.187711715698
10, 1,0.3, 0.121060821
10, 1,0.35, 0.0724916949326
10, 1,0.4, 0.040310784
10, 1,0.45, 0.0207241496279
10, 1,0.5, 0.009765625
10, 2,0.01, 0.00415235112493
10, 2,0.05, 0.07463479852
10, 2,0.1, 0.1937102445
10, 2,0.15, 0.275896656602
10, 2,0.2, 0.301989888
10, 2,0.25, 0.281567573547
10, 2,0.3, 0.2334744405
10, 2,0.35, 0.175652953106
10, 2,0.4, 0.120932352
10, 2,0.45, 0.0763025509028
10, 2,0.5, 0.0439453125
10, 3,0.01, 0.000111847841749
10, 3,0.05, 0.0104750594414
10, 3,0.1, 0.057395628
10, 3,0.15, 0.129833720754
10, 3,0.2, 0.201326592
10, 3,0.25, 0.250282287598
10, 3,0.3, 0.266827932
10, 3,0.35, 0.252219624973
10, 3,0.4, 0.214990848
10, 3,0.45, 0.166478292879
10, 3,0.5, 0.1171875
10, 4,0.01, 1.97710831374e-06
10, 4,0.05, 0.000964808106445
10, 4,0.1, 0.011160261
10, 4,0.15, 0.0400957078799
10, 4,0.2, 0.088080384
10, 4,0.25, 0.145998001099
10, 4,0.3, 0.200120949
10, 4,0.35, 0.237668492763
10, 4,0.4, 0.250822656
10, 4,0.45, 0.238366646622
10, 4,0.5, 0.205078125
10, 5,0.01, 2.39649492575e-08
10, 5,0.05, 6.09352488281e-05
10, 5,0.1, 0.0014880348
10, 5,0.15, 0.00849085578633
10, 5,0.2, 0.0264241152
10, 5,0.25, 0.0583992004395
10, 5,0.3, 0.1029193452
10, 5,0.35, 0.153570410708
10, 5,0.4, 0.2006581248
10, 5,0.45, 0.234032707593
10, 5,0.5, 0.24609375
10, 6,0.01, 2.017251621e-10
10, 6,0.05, 2.67259863281e-06
10, 6,0.1, 0.000137781
10, 6,0.15, 0.0012486552627
10, 6,0.2, 0.005505024
10, 6,0.25, 0.0162220001221
10, 6,0.3, 0.036756909
10, 6,0.35, 0.0689097996768
10, 6,0.4, 0.111476736
10, 6,0.45, 0.159567755177
10, 6,0.5, 0.205078125
10, 7,0.01, 1.1643588e-12
10, 7,0.05, 8.037890625e-08
10, 7,0.1, 8.748e-06
10, 7,0.15, 0.000125914816406
10, 7,0.2, 0.000786432
10, 7,0.25, 0.00308990478516
10, 7,0.3, 0.009001692
10, 7,0.35, 0.0212030152852
10, 7,0.4, 0.042467328
10, 7,0.45, 0.0746031063164
10, 7,0.5, 0.1171875
10, 8,0.01, 4.41045e-15
10, 8,0.05, 1.58642578125e-09
10, 8,0.1, 3.645e-07
10, 8,0.15, 8.33259814453e-06
10, 8,0.2, 7.3728e-05
10, 8,0.25, 0.000386238098145
10, 8,0.3, 0.0014467005
10, 8,0.35, 0.00428137808643
10, 8,0.4, 0.010616832
10, 8,0.45, 0.022889589438
10, 8,0.5, 0.0439453125
10, 9,0.01, 9.9e-18
10, 9,0.05, 1.85546875e-11
10, 9,0.1, 9e-09
10, 9,0.15, 3.26768554688e-07
10, 9,0.2, 4.096e-06
10, 9,0.25, 2.86102294922e-05
10, 9,0.3, 0.000137781
10, 9,0.35, 0.000512301651367
10, 9,0.4, 0.001572864
10, 9,0.45, 0.00416174353418
10, 9,0.5, 0.009765625
10, 10,0.01, 1e-20
10, 10,0.05, 9.765625e-14
10, 10,0.1, 1e-10
10, 10,0.15, 5.76650390625e-09
10, 10,0.2, 1.024e-07
10, 10,0.25, 9.53674316406e-07
10, 10,0.3, 5.9049e-06
10, 10,0.35, 2.75854735352e-05
10, 10,0.4, 0.0001048576
10, 10,0.45, 0.00034050628916
10, 10,0.5, 0.0009765625
11, 0,0.01, 0.895338254259
11, 0,0.05, 0.568800092276
11, 0,0.1, 0.31381059609
11, 0,0.15, 0.16734324369
11, 0,0.2, 0.08589934592
11, 0,0.25, 0.0422351360321
11, 0,0.3, 0.01977326743
11, 0,0.35, 0.00875078317401
11, 0,0.4, 0.00362797056
11, 0,0.45, 0.00139312339166
11, 0,0.5, 0.00048828125
11, 1,0.01, 0.099482028251
11, 1,0.05, 0.329305316581
11, 1,0.1, 0.38354628411
11, 1,0.15, 0.324842767162
11, 1,0.2, 0.23622320128
11, 1,0.25, 0.154862165451
11, 1,0.3, 0.09321683217
11, 1,0.35, 0.0518315618768
11, 1,0.4, 0.02660511744
11, 1,0.45, 0.0125381105249
11, 1,0.5, 0.00537109375
11, 2,0.01, 0.00502434486116
11, 2,0.05, 0.0866592938371
11, 2,0.1, 0.21308126895
11, 2,0.15, 0.286625971025
11, 2,0.2, 0.2952790016
11, 2,0.25, 0.258103609085
11, 2,0.3, 0.19975035465
11, 2,0.35, 0.139546512745
11, 2,0.4, 0.0886837248
11, 2,0.45, 0.0512922703291
11, 2,0.5, 0.02685546875
11, 3,0.01, 0.000152252874581
11, 3,0.05, 0.0136830463953
11, 3,0.1, 0.07102708965
11, 3,0.15, 0.151743161131
11, 3,0.2, 0.2214592512
11, 3,0.25, 0.258103609085
11, 3,0.3, 0.25682188455
11, 3,0.35, 0.225421289819
11, 3,0.4, 0.1773674496
11, 3,0.45, 0.12589920899
11, 3,0.5, 0.08056640625
11, 4,0.01, 3.07581564809e-06
11, 4,0.05, 0.00144032067319
11, 4,0.1, 0.0157837977
11, 4,0.15, 0.053556409811
11, 4,0.2, 0.1107296256
11, 4,0.25, 0.172069072723
11, 4,0.3, 0.2201330439
11, 4,0.35, 0.242761389036
11, 4,0.4, 0.2364899328
11, 4,0.45, 0.206016887438
11, 4,0.5, 0.1611328125
11, 5,0.01, 4.34963829023e-08
11, 5,0.05, 0.000106128891709
11, 5,0.1, 0.00245525742
11, 5,0.15, 0.0132315836004
11, 5,0.2, 0.03875536896
11, 5,0.25, 0.0802989006042
11, 5,0.3, 0.13207982634
11, 5,0.35, 0.183004739427
11, 5,0.4, 0.22072393728
11, 5,0.45, 0.235982980156
11, 5,0.5, 0.2255859375
11, 6,0.01, 4.39357403054e-10
11, 6,0.05, 5.58573114258e-06
11, 6,0.1, 0.00027280638
11, 6,0.15, 0.00233498534124
11, 6,0.2, 0.00968884224
11, 6,0.25, 0.0267663002014
11, 6,0.3, 0.05660563986
11, 6,0.35, 0.0985410135378
11, 6,0.4, 0.14714929152
11, 6,0.45, 0.193076983764
11, 6,0.5, 0.2255859375
11, 7,0.01, 3.169966833e-12
11, 7,0.05, 2.09989892578e-07
11, 7,0.1, 2.16513e-05
11, 7,0.15, 0.00029432588335
11, 7,0.2, 0.0017301504
11, 7,0.25, 0.00637292861938
11, 7,0.3, 0.0173282571
11, 7,0.35, 0.0379003898222
11, 7,0.4, 0.0700710912
11, 7,0.45, 0.112837198304
11, 7,0.5, 0.1611328125
11, 8,0.01, 1.60099335e-14
11, 8,0.05, 5.52604980469e-09
11, 8,0.1, 1.20285e-06
11, 8,0.15, 2.59699308838e-05
11, 8,0.2, 0.0002162688
11, 8,0.25, 0.0010621547699
11, 8,0.3, 0.00371319795
11, 8,0.35, 0.010203951106
11, 8,0.4, 0.0233570304
11, 8,0.45, 0.0461606720333
11, 8,0.5, 0.08056640625
11, 9,0.01, 5.39055e-17
11, 9,0.05, 9.69482421875e-11
11, 9,0.1, 4.455e-08
11, 9,0.15, 1.52764299316e-06
11, 9,0.2, 1.80224e-05
11, 9,0.25, 0.000118017196655
11, 9,0.3, 0.00053045685
11, 9,0.35, 0.00183147840364
11, 9,0.4, 0.0051904512
11, 9,0.45, 0.0125892741909
11, 9,0.5, 0.02685546875
11, 10,0.01, 1.089e-19
11, 10,0.05, 1.0205078125e-12
11, 10,0.1, 9.9e-10
11, 10,0.15, 5.39168115234e-08
11, 10,0.2, 9.0112e-07
11, 10,0.25, 7.86781311035e-06
11, 10,0.3, 4.546773e-05
11, 10,0.35, 0.000197236135776
11, 10,0.4, 0.00069206016
11, 10,0.45, 0.00206006304942
11, 10,0.5, 0.00537109375
11, 11,0.01, 1e-22
11, 11,0.05, 4.8828125e-15
11, 11,0.1, 1e-11
11, 11,0.15, 8.64975585938e-10
11, 11,0.2, 2.048e-08
11, 11,0.25, 2.38418579102e-07
11, 11,0.3, 1.77147e-06
11, 11,0.35, 9.6549157373e-06
11, 11,0.4, 4.194304e-05
11, 11,0.45, 0.000153227830122
11, 11,0.5, 0.00048828125
12, 0,0.01, 0.886384871716
12, 0,0.05, 0.540360087663
12, 0,0.1, 0.282429536481
12, 0,0.15, 0.142241757136
12, 0,0.2, 0.068719476736
12, 0,0.25, 0.0316763520241
12, 0,0.3, 0.013841287201
12, 0,0.35, 0.00568800906311
12, 0,0.4, 0.002176782336
12, 0,0.45, 0.00076621786541
12, 0,0.5, 0.000244140625
12, 1,0.01, 0.107440590511
12, 1,0.05, 0.341280055366
12, 1,0.1, 0.376572715308
12, 1,0.15, 0.301217838641
12, 1,0.2, 0.206158430208
12, 1,0.25, 0.126705408096
12, 1,0.3, 0.071183762748
12, 1,0.35, 0.0367532893308
12, 1,0.4, 0.017414258688
12, 1,0.45, 0.00752286631494
12, 1,0.5, 0.0029296875
12, 2,0.01, 0.00596892169506
12, 2,0.05, 0.0987915949743
12, 2,0.1, 0.230127770466
12, 2,0.15, 0.292358490446
12, 2,0.2, 0.283467841536
12, 2,0.25, 0.232293248177
12, 2,0.3, 0.167790297906
12, 2,0.35, 0.108846279941
12, 2,0.4, 0.063852281856
12, 2,0.45, 0.0338528984172
12, 2,0.5, 0.01611328125
12, 3,0.01, 0.000200973794446
12, 3,0.05, 0.0173318587674
12, 3,0.1, 0.08523250758
12, 3,0.15, 0.171975582615
12, 3,0.2, 0.23622320128
12, 3,0.25, 0.258103609085
12, 3,0.3, 0.23970042558
12, 3,0.35, 0.195365117843
12, 3,0.4, 0.14189395968
12, 3,0.45, 0.0923260865924
12, 3,0.5, 0.0537109375
12, 4,0.01, 4.56758623742e-06
12, 4,0.05, 0.0020524569593
12, 4,0.1, 0.021308126895
12, 4,0.15, 0.068284422509
12, 4,0.2, 0.13287555072
12, 4,0.25, 0.193577706814
12, 4,0.3, 0.231139696095
12, 4,0.35, 0.23669235431
12, 4,0.4, 0.21284093952
12, 4,0.45, 0.169963932136
12, 4,0.5, 0.120849609375
12, 5,0.01, 7.38195755542e-08
12, 5,0.05, 0.000172838480783
12, 5,0.1, 0.003788111448
12, 5,0.15, 0.019280307532
12, 5,0.2, 0.053150220288
12, 5,0.25, 0.103241443634
12, 5,0.3, 0.158495791608
12, 5,0.35, 0.20391956679
12, 5,0.4, 0.227030335488
12, 5,0.45, 0.222498238433
12, 5,0.5, 0.193359375
12, 6,0.01, 8.69927658047e-10
12, 6,0.05, 1.06128891709e-05
12, 6,0.1, 0.000491051484
12, 6,0.15, 0.00396947508011
12, 6,0.2, 0.015502147584
12, 6,0.25, 0.0401494503021
12, 6,0.3, 0.079247895804
12, 6,0.35, 0.128103317599
12, 6,0.4, 0.176579149824
12, 6,0.45, 0.21238468214
12, 6,0.5, 0.2255859375
12, 7,0.01, 7.53184119521e-12
12, 7,0.05, 4.78776955078e-07
12, 7,0.1, 4.6766808e-05
12, 7,0.15, 0.000600424802033
12, 7,0.2, 0.003321888768
12, 7,0.25, 0.0114712715149
12, 7,0.3, 0.029111471928
12, 7,0.35, 0.0591246081227
12, 7,0.4, 0.100902371328
12, 7,0.45, 0.148945101761
12, 7,0.5, 0.193359375
12, 8,0.01, 4.7549502495e-14
12, 8,0.05, 1.57492419434e-08
12, 8,0.1, 3.247695e-06
12, 8,0.15, 6.62233237537e-05
12, 8,0.2, 0.00051904512
12, 8,0.25, 0.00238984823227
12, 8,0.3, 0.007797715695
12, 8,0.35, 0.0198977046567
12, 8,0.4, 0.04204265472
12, 8,0.45, 0.0761651088549
12, 8,0.5, 0.120849609375
12, 9,0.01, 2.1346578e-16
12, 9,0.05, 3.68403320313e-10
12, 9,0.1, 1.6038e-07
12, 9,0.15, 5.19398617676e-06
12, 9,0.2, 5.767168e-05
12, 9,0.25, 0.000354051589966
12, 9,0.3, 0.00148527918
12, 9,0.35, 0.00476184384946
12, 9,0.4, 0.01245708288
12, 9,0.45, 0.02769640322
12, 9,0.5, 0.0537109375
12, 10,0.01, 6.46866e-19
12, 10,0.05, 5.81689453125e-12
12, 10,0.1, 5.346e-09
12, 10,0.15, 2.7497573877e-07
12, 10,0.2, 4.325376e-06
12, 10,0.25, 3.54051589966e-05
12, 10,0.3, 0.000190964466
12, 10,0.35, 0.000769220929528
12, 10,0.4, 0.002491416576
12, 10,0.45, 0.00679820806308
12, 10,0.5, 0.01611328125
12, 11,0.01, 1.188e-21
12, 11,0.05, 5.56640625e-14
12, 11,0.1, 1.08e-10
12, 11,0.15, 8.82275097656e-09
12, 11,0.2, 1.96608e-07
12, 11,0.25, 2.14576721191e-06
12, 11,0.3, 1.4880348e-05
12, 11,0.35, 7.5308342751e-05
12, 11,0.4, 0.000301989888
12, 11,0.45, 0.00101130367881
12, 11,0.5, 0.0029296875
12, 12,0.01, 1e-24
12, 12,0.05, 2.44140625e-16
12, 12,0.1, 1e-12
12, 12,0.15, 1.29746337891e-10
12, 12,0.2, 4.096e-09
12, 12,0.25, 5.96046447754e-08
12, 12,0.3, 5.31441e-07
12, 12,0.35, 3.37922050806e-06
12, 12,0.4, 1.6777216e-05
12, 12,0.45, 6.89525235549e-05
12, 12,0.5, 0.000244140625
13, 0,0.01, 0.877521022999
13, 0,0.05, 0.51334208328
13, 0,0.1, 0.254186582833
13, 0,0.15, 0.120905493566
13, 0,0.2, 0.0549755813888
13, 0,0.25, 0.0237572640181
13, 0,0.3, 0.0096889010407
13, 0,0.35, 0.00369720589102
13, 0,0.4, 0.0013060694016
13, 0,0.45, 0.000421419825976
13, 0,0.5, 0.0001220703125
13, 1,0.01, 0.115230033323
13, 1,0.05, 0.351234056981
13, 1,0.1, 0.367158397425
13, 1,0.15, 0.277371426416
13, 1,0.2, 0.178670639514
13, 1,0.25, 0.102948144078
13, 1,0.3, 0.0539810200839
13, 1,0.35, 0.0258804412371
13, 1,0.4, 0.0113192681472
13, 1,0.45, 0.00448237451265
13, 1,0.5, 0.0015869140625
13, 2,0.01, 0.00698363838322
13, 2,0.05, 0.110916017994
13, 2,0.1, 0.24477226495
13, 2,0.15, 0.293687392675
13, 2,0.2, 0.26800595927
13, 2,0.25, 0.205896288157
13, 2,0.3, 0.138808337359
13, 2,0.35, 0.0836137332277
13, 2,0.4, 0.0452770725888
13, 2,0.45, 0.0220043839712
13, 2,0.5, 0.009521484375
13, 3,0.01, 0.000258653273453
13, 3,0.05, 0.0214048455778
13, 3,0.1, 0.0997220338686
13, 3,0.15, 0.19003301879
13, 3,0.2, 0.245672129331
13, 3,0.25, 0.251651018858
13, 3,0.3, 0.218127387278
13, 3,0.35, 0.165083524578
13, 3,0.4, 0.11067728855
13, 3,0.45, 0.0660131519136
13, 3,0.5, 0.034912109375
13, 4,0.01, 6.53164831951e-06
13, 4,0.05, 0.00281642704971
13, 4,0.1, 0.0277005649635
13, 4,0.15, 0.0838380965249
13, 4,0.2, 0.153545080832
13, 4,0.25, 0.209709182382
13, 4,0.3, 0.23370791494
13, 4,0.35, 0.222227821547
13, 4,0.4, 0.184462147584
13, 4,0.45, 0.135026901641
13, 4,0.5, 0.0872802734375
13, 5,0.01, 1.18757242173e-07
13, 5,0.05, 0.000266819404709
13, 5,0.1, 0.0055401129927
13, 5,0.15, 0.0266309247785
13, 5,0.2, 0.0690952863744
13, 5,0.25, 0.125825509429
13, 5,0.3, 0.180288962954
13, 5,0.35, 0.215390042422
13, 5,0.4, 0.221354577101
13, 5,0.45, 0.198857800599
13, 5,0.5, 0.157104492187
13, 6,0.01, 1.59942413701e-09
13, 6,0.05, 1.87241687515e-05
13, 6,0.1, 0.0008207574804
13, 6,0.15, 0.00626609994789
13, 6,0.2, 0.0230317621248
13, 6,0.25, 0.0559224486351
13, 6,0.3, 0.103022264545
13, 6,0.35, 0.154639004816
13, 6,0.4, 0.19675962409
13, 6,0.45, 0.216935782472
13, 6,0.5, 0.20947265625
13, 7,0.01, 1.61557993637e-11
13, 7,0.05, 9.85482565869e-07
13, 7,0.1, 9.11952756e-05
13, 7,0.15, 0.00110578234374
13, 7,0.2, 0.0057579405312
13, 7,0.25, 0.0186408162117
13, 7,0.3, 0.0441523990908
13, 7,0.35, 0.0832671564394
13, 7,0.4, 0.131173082726
13, 7,0.45, 0.177492912932
13, 7,0.5, 0.20947265625
13, 8,0.01, 1.22392419422e-13
13, 8,0.05, 3.89006276001e-08
13, 8,0.1, 7.5996063e-06
13, 8,0.15, 0.000146353545496
13, 8,0.2, 0.0010796138496
13, 8,0.25, 0.00466020405293
13, 8,0.3, 0.0141918425649
13, 8,0.35, 0.0336271208698
13, 8,0.4, 0.0655865413632
13, 8,0.45, 0.108916105663
13, 8,0.5, 0.157104492187
13, 9,0.01, 6.8682614715e-16
13, 9,0.05, 1.13744525146e-09
13, 9,0.1, 4.691115e-07
13, 9,0.15, 1.43483868133e-05
13, 9,0.2, 0.000149946368
13, 9,0.25, 0.000863000750542
13, 9,0.3, 0.0033790101345
13, 9,0.35, 0.010059395132
13, 9,0.4, 0.024291311616
13, 9,0.45, 0.0495073207557
13, 9,0.5, 0.0872802734375
13, 10,0.01, 2.77505514e-18
13, 10,0.05, 2.39462158203e-11
13, 10,0.1, 2.08494e-08
13, 10,0.15, 1.01282730447e-06
13, 10,0.2, 1.49946368e-05
13, 10,0.25, 0.000115066766739
13, 10,0.3, 0.0005792588802
13, 10,0.35, 0.0021666389515
13, 10,0.4, 0.0064776830976
13, 10,0.45, 0.0162023958837
13, 10,0.5, 0.034912109375
13, 11,0.01, 7.64478e-21
13, 11,0.05, 3.43725585938e-13
13, 11,0.1, 6.318e-10
13, 11,0.15, 4.87456991455e-08
13, 11,0.2, 1.0223616e-06
13, 11,0.25, 1.04606151581e-05
13, 11,0.3, 6.77055834e-05
13, 11,0.35, 0.000318177748123
13, 11,0.4, 0.0011777605632
13, 11,0.45, 0.00361541065173
13, 11,0.5, 0.009521484375
13, 12,0.01, 1.287e-23
13, 12,0.05, 3.01513671875e-15
13, 12,0.1, 1.17e-11
13, 12,0.15, 1.43369703369e-09
13, 12,0.2, 4.25984e-08
13, 12,0.25, 5.8114528656e-07
13, 12,0.3, 4.8361131e-06
13, 12,0.35, 2.85544132931e-05
13, 12,0.4, 0.0001308622848
13, 12,0.45, 0.000493010543418
13, 12,0.5, 0.0015869140625
13, 13,0.01, 1e-26
13, 13,0.05, 1.220703125e-17
13, 13,0.1, 1e-13
13, 13,0.15, 1.94619506836e-11
13, 13,0.2, 8.192e-10
13, 13,0.25, 1.49011611938e-08
13, 13,0.3, 1.594323e-07
13, 13,0.35, 1.18272717782e-06
13, 13,0.4, 6.7108864e-06
13, 13,0.45, 3.10286355997e-05
13, 13,0.5, 0.0001220703125
14, 0,0.01, 0.868745812769
14, 0,0.05, 0.487674979116
14, 0,0.1, 0.22876792455
14, 0,0.15, 0.102769669531
14, 0,0.2, 0.043980465111
14, 0,0.25, 0.0178179480135
14, 0,0.3, 0.00678223072849
14, 0,0.35, 0.00240318382916
14, 0,0.4, 0.00078364164096
14, 0,0.45, 0.000231780904287
14, 0,0.5, 6.103515625e-05
14, 1,0.01, 0.12285294322
14, 1,0.05, 0.359339458296
14, 1,0.1, 0.355861215966
14, 1,0.15, 0.253901536488
14, 1,0.2, 0.153931627889
14, 1,0.25, 0.0831504240632
14, 1,0.3, 0.0406933843709
14, 1,0.35, 0.018116308866
14, 1,0.4, 0.00731398864896
14, 1,0.45, 0.00265494490365
14, 1,0.5, 0.0008544921875
14, 2,0.01, 0.00806610233262
14, 2,0.05, 0.122931919943
14, 2,0.1, 0.257010878198
14, 2,0.15, 0.291239997736
14, 2,0.2, 0.250138895319
14, 2,0.25, 0.180159252137
14, 2,0.3, 0.113360142176
14, 2,0.35, 0.063407081031
14, 2,0.4, 0.0316939508122
14, 2,0.45, 0.0141194797149
14, 2,0.5, 0.00555419921875
14, 3,0.01, 0.00032590312455
14, 3,0.05, 0.0258804041986
14, 3,0.1, 0.114227056977
14, 3,0.15, 0.205581174873
14, 3,0.2, 0.250138895319
14, 3,0.25, 0.240212336183
14, 3,0.3, 0.194331672302
14, 3,0.35, 0.136569097605
14, 3,0.4, 0.0845172021658
14, 3,0.45, 0.0462092063395
14, 3,0.5, 0.022216796875
14, 4,0.01, 9.05286457084e-06
14, 4,0.05, 0.00374584797611
14, 4,0.1, 0.034902711854
14, 4,0.15, 0.0997673348647
14, 4,0.2, 0.171970490532
14, 4,0.25, 0.220194641501
14, 4,0.3, 0.229033756642
14, 4,0.35, 0.202227317608
14, 4,0.4, 0.154948203971
14, 4,0.45, 0.103970714264
14, 4,0.5, 0.0610961914062
14, 5,0.01, 1.82886152946e-07
14, 5,0.05, 0.000394299786959
14, 5,0.1, 0.00775615818978
14, 5,0.15, 0.0352120005405
14, 5,0.2, 0.0859852452659
14, 5,0.25, 0.146796427667
14, 5,0.3, 0.19631464855
14, 5,0.35, 0.217783265116
14, 5,0.4, 0.206597605294
14, 5,0.45, 0.170133896068
14, 5,0.5, 0.122192382812
14, 6,0.01, 2.77100231737e-09
14, 6,0.05, 3.11289305494e-05
14, 6,0.1, 0.00129269303163
14, 6,0.15, 0.00932082367248
14, 6,0.2, 0.0322444669747
14, 6,0.25, 0.0733982138336
14, 6,0.3, 0.126202274068
14, 6,0.35, 0.175901867978
14, 6,0.4, 0.206597605294
14, 6,0.45, 0.208800690629
14, 6,0.5, 0.183288574219
14, 7,0.01, 3.19884827402e-11
14, 7,0.05, 1.87241687515e-06
14, 7,0.1, 0.00016415149608
14, 7,0.15, 0.00187982998437
14, 7,0.2, 0.00921270484992
14, 7,0.25, 0.0279612243176
14, 7,0.3, 0.0618133587271
14, 7,0.35, 0.108247303371
14, 7,0.4, 0.157407699272
14, 7,0.45, 0.195242204225
14, 7,0.5, 0.20947265625
14, 8,0.01, 2.82726488865e-13
14, 8,0.05, 8.62297245135e-08
14, 8,0.1, 1.595917323e-05
14, 8,0.15, 0.000290267865233
14, 8,0.2, 0.00201527918592
14, 8,0.25, 0.00815535709262
14, 8,0.3, 0.0231800095227
14, 8,0.35, 0.0510011333191
14, 8,0.4, 0.0918211579085
14, 8,0.45, 0.139775668934
14, 8,0.5, 0.183288574219
14, 9,0.01, 1.9038820799e-15
14, 9,0.05, 3.0256043689e-09
14, 9,0.1, 1.18216098e-06
14, 9,0.15, 3.41491606156e-05
14, 9,0.2, 0.00033587986432
14, 9,0.25, 0.00181230157614
14, 9,0.3, 0.00662285986362
14, 9,0.35, 0.0183080991402
14, 9,0.4, 0.0408094035149
14, 9,0.45, 0.0762412739638
14, 9,0.5, 0.122192382812
14, 10,0.01, 9.6155660601e-18
14, 10,0.05, 7.96211676025e-11
14, 10,0.1, 6.567561e-08
14, 10,0.15, 3.01316123079e-06
14, 10,0.2, 4.198498304e-05
14, 10,0.25, 0.00030205026269
14, 10,0.3, 0.00141918425649
14, 10,0.35, 0.00492910361467
14, 10,0.4, 0.013603134505
14, 10,0.45, 0.0311896120761
14, 10,0.5, 0.0610961914062
14, 11,0.01, 3.53188836e-20
14, 11,0.05, 1.52385009766e-12
14, 11,0.1, 2.65356e-09
14, 11,0.15, 1.93357939944e-07
14, 11,0.2, 3.81681664e-06
14, 11,0.25, 3.66121530533e-05
14, 11,0.3, 0.00022117157244
14, 11,0.35, 0.000965139169306
14, 11,0.4, 0.00329772957696
14, 11,0.45, 0.00927955400611
14, 11,0.5, 0.022216796875
14, 12,0.01, 8.91891e-23
14, 12,0.05, 2.00506591797e-14
14, 12,0.1, 7.371e-11
14, 12,0.15, 8.53049735046e-09
14, 12,0.2, 2.3855104e-07
14, 12,0.25, 3.05101275444e-06
14, 12,0.3, 2.369695419e-05
14, 12,0.35, 0.000129922580484
14, 12,0.4, 0.00054962159616
14, 12,0.45, 0.00189809059216
14, 12,0.5, 0.00555419921875
14, 13,0.01, 1.386e-25
14, 13,0.05, 1.62353515625e-16
14, 13,0.1, 1.26e-12
14, 13,0.15, 2.31597213135e-10
14, 13,0.2, 9.17504e-09
14, 13,0.25, 1.56462192535e-07
14, 13,0.3, 1.56243654e-06
14, 13,0.35, 1.07628173182e-05
14, 13,0.4, 5.637144576e-05
14, 13,0.45, 0.000238920494118
14, 13,0.5, 0.0008544921875
14, 14,0.01, 1e-28
14, 14,0.05, 6.103515625e-19
14, 14,0.1, 1e-14
14, 14,0.15, 2.91929260254e-12
14, 14,0.2, 1.6384e-10
14, 14,0.25, 3.72529029846e-09
14, 14,0.3, 4.782969e-08
14, 14,0.35, 4.13954512237e-07
14, 14,0.4, 2.68435456e-06
14, 14,0.45, 1.39628860199e-05
14, 14,0.5, 6.103515625e-05
15, 0,0.01, 0.860058354641
15, 0,0.05, 0.46329123016
15, 0,0.1, 0.205891132095
15, 0,0.15, 0.0873542191013
15, 0,0.2, 0.0351843720888
15, 0,0.25, 0.0133634610102
15, 0,0.3, 0.00474756150994
15, 0,0.35, 0.00156206948896
15, 0,0.4, 0.000470184984576
15, 0,0.45, 0.000127479497358
15, 0,0.5, 3.0517578125e-05
15, 1,0.01, 0.130311871915
15, 1,0.05, 0.365756234337
15, 1,0.1, 0.343151886824
15, 1,0.15, 0.231231756444
15, 1,0.2, 0.131941395333
15, 1,0.25, 0.0668173050508
15, 1,0.3, 0.0305200382782
15, 1,0.35, 0.0126167151031
15, 1,0.4, 0.00470184984576
15, 1,0.45, 0.00156452110393
15, 1,0.5, 0.000457763671875
15, 2,0.01, 0.00921397074149
15, 2,0.05, 0.134752296861
15, 2,0.1, 0.266895911975
15, 2,0.15, 0.285639228549
15, 2,0.2, 0.230897441833
15, 2,0.25, 0.155907045119
15, 2,0.3, 0.0915601148346
15, 2,0.35, 0.0475553107732
15, 2,0.4, 0.0219419659469
15, 2,0.45, 0.00896043904981
15, 2,0.5, 0.00320434570312
15, 3,0.01, 0.000403305116631
15, 3,0.05, 0.0307329799858
15, 3,0.1, 0.128505439099
15, 3,0.15, 0.218429998302
15, 3,0.2, 0.250138895319
15, 3,0.25, 0.225199065171
15, 3,0.3, 0.170040213264
15, 3,0.35, 0.110962391804
15, 3,0.4, 0.0633879016243
15, 3,0.45, 0.0317688293584
15, 3,0.5, 0.0138854980469
15, 4,0.01, 1.22213671706e-05
15, 4,0.05, 0.00485257578723
15, 4,0.1, 0.0428351463663
15, 4,0.15, 0.115639410866
15, 4,0.2, 0.187604171489
15, 4,0.25, 0.225199065171
15, 4,0.3, 0.21862313134
15, 4,0.35, 0.179246940607
15, 4,0.4, 0.126775803249
15, 4,0.45, 0.0779780356979
15, 4,0.5, 0.0416564941406
15, 5,0.01, 2.71585937125e-07
15, 5,0.05, 0.000561877196417
15, 5,0.1, 0.0104708135562
15, 5,0.15, 0.0448953006891
15, 5,0.2, 0.103182294319
15, 5,0.25, 0.165145981126
15, 5,0.3, 0.206130380978
15, 5,0.35, 0.212338683488
15, 5,0.4, 0.185937844765
15, 5,0.45, 0.140360464256
15, 5,0.5, 0.0916442871094
15, 6,0.01, 4.57215382366e-09
15, 6,0.05, 4.92874733699e-05
15, 6,0.1, 0.00193903954745
15, 6,0.15, 0.0132045002027
15, 6,0.2, 0.042992622633
15, 6,0.25, 0.091747767292
15, 6,0.3, 0.147235986413
15, 6,0.35, 0.190560356976
15, 6,0.4, 0.206597605294
15, 6,0.45, 0.191400633077
15, 6,0.5, 0.152740478516
15, 7,0.01, 5.93786210864e-11
15, 7,0.05, 3.33524255886e-06
15, 7,0.1, 0.000277005649635
15, 7,0.15, 0.00299597903758
15, 7,0.2, 0.0138190572749
15, 7,0.25, 0.0393204716966
15, 7,0.3, 0.0811300333293
15, 7,0.35, 0.131926400984
15, 7,0.4, 0.177083661681
15, 7,0.45, 0.201343523107
15, 7,0.5, 0.196380615234
15, 8,0.01, 5.99784051378e-13
15, 8,0.05, 1.75539082045e-07
15, 8,0.1, 3.0778405515e-05
15, 8,0.15, 0.000528702183103
15, 8,0.2, 0.00345476431872
15, 8,0.25, 0.0131068238989
15, 8,0.3, 0.034770014284
15, 8,0.35, 0.0710372928374
15, 8,0.4, 0.118055774454
15, 8,0.45, 0.164735609815
15, 8,0.5, 0.196380615234
15, 9,0.01, 4.71210814775e-15
15, 9,0.05, 7.18581037613e-09
15, 9,0.1, 2.659862205e-06
15, 9,0.15, 7.25669663082e-05
15, 9,0.2, 0.00067175972864
15, 9,0.25, 0.00339806545526
15, 9,0.3, 0.0115900047613
15, 9,0.35, 0.0297506611028
15, 9,0.4, 0.0612141052723
15, 9,0.45, 0.1048317517
15, 9,0.5, 0.152740478516
15, 10,0.01, 2.85582311985e-17
15, 10,0.05, 2.26920327667e-10
15, 10,0.1, 1.77324147e-07
15, 10,0.15, 7.68356113852e-06
15, 10,0.2, 0.000100763959296
15, 10,0.25, 0.000679613091052
15, 10,0.3, 0.00298028693863
15, 10,0.35, 0.00961175204861
15, 10,0.4, 0.0244856421089
15, 10,0.45, 0.0514628599255
15, 10,0.5, 0.0916442871094
15, 11,0.01, 1.31121355365e-19
15, 11,0.05, 5.4287159729e-12
15, 11,0.1, 8.955765e-09
15, 11,0.15, 6.16328433571e-07
15, 11,0.2, 1.145044992e-05
15, 11,0.25, 0.000102971680462
15, 11,0.3, 0.000580575377655
15, 11,0.35, 0.00235252672518
15, 11,0.4, 0.00741989154816
15, 11,0.45, 0.0191390801376
15, 11,0.5, 0.0416564941406
15, 12,0.01, 4.41486045e-22
15, 12,0.05, 9.52406311035e-14
15, 12,0.1, 3.31695e-10
15, 12,0.15, 3.62546137395e-08
15, 12,0.2, 9.5420416e-07
15, 12,0.25, 1.14412978292e-05
15, 12,0.3, 8.2939339665e-05
15, 12,0.35, 0.000422248386571
15, 12,0.4, 0.00164886478848
15, 12,0.45, 0.00521974912844
15, 12,0.5, 0.0138854980469
15, 13,0.01, 1.029105e-24
15, 13,0.05, 1.15676879883e-15
15, 13,0.1, 8.505e-12
15, 13,0.15, 1.47643223373e-09
15, 13,0.2, 5.505024e-08
15, 13,0.25, 8.80099833012e-07
15, 13,0.3, 8.202791835e-06
15, 13,0.35, 5.2468734426e-05
15, 13,0.4, 0.00025367150592
15, 13,0.45, 0.000985547038236
15, 13,0.5, 0.00320434570312
15, 14,0.01, 1.485e-27
15, 14,0.05, 8.69750976563e-18
15, 14,0.1, 1.35e-13
15, 14,0.15, 3.72209806824e-11
15, 14,0.2, 1.96608e-09
15, 14,0.25, 4.19095158577e-08
15, 14,0.3, 5.02211745e-07
15, 14,0.35, 4.03605649431e-06
15, 14,0.4, 2.415919104e-05
15, 14,0.45, 0.000115193809664
15, 14,0.5, 0.000457763671875
15, 15,0.01, 1e-30
15, 15,0.05, 3.0517578125e-20
15, 15,0.1, 1e-15
15, 15,0.15, 4.37893890381e-13
15, 15,0.2, 3.2768e-11
15, 15,0.25, 9.31322574615e-10
15, 15,0.3, 1.4348907e-08
15, 15,0.35, 1.44884079283e-07
15, 15,0.4, 1.073741824e-06
15, 15,0.45, 6.28329870894e-06
15, 15,0.5, 3.0517578125e-05
16, 0,0.01, 0.851457771095
16, 0,0.05, 0.440126668652
16, 0,0.1, 0.185302018885
16, 0,0.15, 0.0742510862361
16, 0,0.2, 0.0281474976711
16, 0,0.25, 0.0100225957576
16, 0,0.3, 0.00332329305696
16, 0,0.35, 0.00101534516782
16, 0,0.4, 0.000282110990746
16, 0,0.45, 7.01137235467e-05
16, 0,0.5, 1.52587890625e-05
16, 1,0.01, 0.137609336743
16, 1,0.05, 0.370632984128
16, 1,0.1, 0.329425811351
16, 1,0.15, 0.209650125843
16, 1,0.2, 0.112589990684
16, 1,0.25, 0.0534538440406
16, 1,0.3, 0.0227882952477
16, 1,0.35, 0.00874758913815
16, 1,0.4, 0.00300918390129
16, 1,0.45, 0.000917852380975
16, 1,0.5, 0.000244140625
16, 2,0.01, 0.0104249497532
16, 2,0.05, 0.146302493735
16, 2,0.1, 0.27452150946
16, 2,0.15, 0.277478107733
16, 2,0.2, 0.211106232533
16, 2,0.25, 0.133634610102
16, 2,0.3, 0.0732480918677
16, 2,0.35, 0.0353268022887
16, 2,0.4, 0.0150459195064
16, 2,0.45, 0.00563227597417
16, 2,0.5, 0.0018310546875
16, 3,0.01, 0.000491411772879
16, 3,0.05, 0.0359339458296
16, 3,0.1, 0.142344486386
16, 3,0.15, 0.228511382839
16, 3,0.2, 0.246290604622
16, 3,0.25, 0.207876060158
16, 3,0.3, 0.146496183735
16, 3,0.35, 0.0887699134434
16, 3,0.4, 0.0468095273533
16, 3,0.45, 0.0215050537195
16, 3,0.5, 0.008544921875
16, 4,0.01, 1.61322046652e-05
16, 4,0.05, 0.00614659599716
16, 4,0.1, 0.0514021756395
16, 4,0.15, 0.131057998981
16, 4,0.2, 0.200111116255
16, 4,0.25, 0.225199065171
16, 4,0.3, 0.204048255917
16, 4,0.35, 0.155347348526
16, 4,0.4, 0.101420642599
16, 4,0.45, 0.0571838928451
16, 4,0.5, 0.0277709960937
16, 5,0.01, 3.9108374946e-07
16, 5,0.05, 0.000776412125957
16, 5,0.1, 0.0137072468372
16, 5,0.15, 0.0555069172156
16, 5,0.2, 0.120066669753
16, 5,0.25, 0.180159252137
16, 5,0.3, 0.209878206086
16, 5,0.35, 0.20075657348
16, 5,0.4, 0.162273028158
16, 5,0.45, 0.112288371405
16, 5,0.5, 0.066650390625
16, 6,0.01, 7.24229165667e-09
16, 6,0.05, 7.49169595222e-05
16, 6,0.1, 0.00279221694832
16, 6,0.15, 0.0179581202756
16, 6,0.2, 0.0550305569702
16, 6,0.25, 0.11009732075
16, 6,0.3, 0.164904304782
16, 6,0.35, 0.198182771255
16, 6,0.4, 0.198333701082
16, 6,0.45, 0.168432557108
16, 6,0.5, 0.122192382812
16, 7,0.01, 1.04506373112e-10
16, 7,0.05, 5.63285409941e-06
16, 7,0.1, 0.000443209039416
16, 7,0.15, 0.00452725721235
16, 7,0.2, 0.0196537703465
16, 7,0.25, 0.0524272955954
16, 7,0.3, 0.100961819254
16, 7,0.35, 0.152448285581
16, 7,0.4, 0.188889239126
16, 7,0.45, 0.196869222593
16, 7,0.5, 0.174560546875
16, 8,0.01, 1.18757242173e-12
16, 8,0.05, 3.33524255886e-07
16, 8,0.1, 5.5401129927e-05
16, 8,0.15, 0.000898793711275
16, 8,0.2, 0.00552762290995
16, 8,0.25, 0.0196602358483
16, 8,0.3, 0.0486780199976
16, 8,0.35, 0.0923484806886
16, 8,0.4, 0.141666929345
16, 8,0.45, 0.181209170796
16, 8,0.5, 0.196380615234
16, 9,0.01, 1.06628275801e-14
16, 9,0.05, 1.56034739596e-08
16, 9,0.1, 5.471716536e-06
16, 9,0.15, 0.000140987248827
16, 9,0.2, 0.00122836064666
16, 9,0.25, 0.00582525506616
16, 9,0.3, 0.0185440076181
16, 9,0.35, 0.0442009822099
16, 9,0.4, 0.0839507729449
16, 9,0.45, 0.131788487852
16, 9,0.5, 0.174560546875
16, 10,0.01, 7.5393730364e-17
16, 10,0.05, 5.7486483009e-10
16, 10,0.1, 4.255779528e-07
16, 10,0.15, 1.7416071914e-05
16, 10,0.2, 0.000214963113165
16, 10,0.25, 0.0013592261821
16, 10,0.3, 0.00556320228544
16, 10,0.35, 0.0166603702176
16, 10,0.4, 0.0391770273743
16, 10,0.45, 0.0754788612241
16, 10,0.5, 0.122192382812
16, 11,0.01, 4.15392453796e-19
16, 11,0.05, 1.65032965576e-11
16, 11,0.1, 2.57926032e-08
16, 11,0.15, 1.67641333931e-06
16, 11,0.2, 2.93131517952e-05
16, 11,0.25, 0.00024713203311
16, 11,0.3, 0.00130048884595
16, 11,0.35, 0.00489325558838
16, 11,0.4, 0.0142461917725
16, 11,0.45, 0.0336847810422
16, 11,0.5, 0.066650390625
16, 12,0.01, 1.7482847382e-21
16, 12,0.05, 3.61914398193e-13
16, 12,0.1, 1.194102e-09
16, 12,0.15, 1.23265686714e-07
16, 12,0.2, 3.053453312e-06
16, 12,0.25, 3.43238934875e-05
16, 12,0.3, 0.000232230151062
16, 12,0.35, 0.00109784580509
16, 12,0.4, 0.00395727549235
16, 12,0.45, 0.0114834480826
16, 12,0.5, 0.0277709960937
16, 13,0.01, 5.4336744e-24
16, 13,0.05, 5.86096191406e-15
16, 13,0.1, 4.0824e-11
16, 13,0.15, 6.69315945959e-09
16, 13,0.2, 2.34881024e-07
16, 13,0.25, 3.52039933205e-06
16, 13,0.3, 3.0623756184e-05
16, 13,0.35, 0.000181891612677
16, 13,0.4, 0.000811748818944
16, 13,0.45, 0.00289093797883
16, 13,0.5, 0.008544921875
16, 14,0.01, 1.17612e-26
16, 14,0.05, 6.61010742188e-17
16, 14,0.1, 9.72e-13
16, 14,0.15, 2.5310266864e-10
16, 14,0.2, 1.2582912e-08
16, 14,0.25, 2.51457095146e-07
16, 14,0.3, 2.812385772e-06
16, 14,0.35, 2.09874937704e-05
16, 14,0.4, 0.000115964116992
16, 14,0.45, 0.000506852762521
16, 14,0.5, 0.0018310546875
16, 15,0.01, 1.584e-29
16, 15,0.05, 4.638671875e-19
16, 15,0.1, 1.44e-14
16, 15,0.15, 5.95535690918e-12
16, 15,0.2, 4.194304e-10
16, 15,0.25, 1.11758708954e-08
16, 15,0.3, 1.607077584e-07
16, 15,0.35, 1.50679442454e-06
16, 15,0.4, 1.03079215104e-05
16, 15,0.45, 5.52930286387e-05
16, 15,0.5, 0.000244140625
16, 16,0.01, 1e-32
16, 16,0.05, 1.52587890625e-21
16, 16,0.1, 1e-16
16, 16,0.15, 6.56840835571e-14
16, 16,0.2, 6.5536e-12
16, 16,0.25, 2.32830643654e-10
16, 16,0.3, 4.3046721e-09
16, 16,0.35, 5.0709427749e-08
16, 16,0.4, 4.294967296e-07
16, 16,0.45, 2.82748441902e-06
16, 16,0.5, 1.52587890625e-05
17, 0,0.01, 0.842943193384
17, 0,0.05, 0.418120335219
17, 0,0.1, 0.166771816997
17, 0,0.15, 0.0631134233007
17, 0,0.2, 0.0225179981369
17, 0,0.25, 0.00751694681821
17, 0,0.3, 0.00232630513987
17, 0,0.35, 0.000659974359084
17, 0,0.4, 0.000169266594447
17, 0,0.45, 3.85625479507e-05
17, 0,0.5, 7.62939453125e-06
17, 1,0.01, 0.144747821086
17, 1,0.05, 0.374107668354
17, 1,0.1, 0.315013432105
17, 1,0.15, 0.189340269902
17, 1,0.2, 0.0957014920816
17, 1,0.25, 0.0425960319699
17, 1,0.3, 0.0169487945905
17, 1,0.35, 0.00604130374854
17, 1,0.4, 0.00191835473707
17, 1,0.45, 0.000536369985132
17, 1,0.5, 0.000129699707031
17, 2,0.01, 0.0116967936231
17, 2,0.05, 0.157519018254
17, 2,0.1, 0.280011939649
17, 2,0.15, 0.26730391045
17, 2,0.2, 0.191402984163
17, 2,0.25, 0.113589418586
17, 2,0.3, 0.0581101528817
17, 2,0.35, 0.026024077686
17, 2,0.4, 0.0102312252644
17, 2,0.45, 0.00351078535723
17, 2,0.5, 0.00103759765625
17, 3,0.01, 0.000590747152683
17, 3,0.05, 0.0414523732248
17, 3,0.1, 0.155562188694
17, 3,0.15, 0.235856391573
17, 3,0.2, 0.239253730204
17, 3,0.25, 0.189315697644
17, 3,0.3, 0.124521756175
17, 3,0.35, 0.0700648245392
17, 3,0.4, 0.0341040842146
17, 3,0.45, 0.0143623037341
17, 3,0.5, 0.00518798828125
17, 4,0.01, 2.08850003474e-05
17, 4,0.05, 0.00763596348878
17, 4,0.1, 0.0604964067142
17, 4,0.15, 0.14567600656
17, 4,0.2, 0.209347013929
17, 4,0.25, 0.220868313918
17, 4,0.3, 0.186782634263
17, 4,0.35, 0.132045246247
17, 4,0.4, 0.0795761965007
17, 4,0.45, 0.0411284152386
17, 4,0.5, 0.0181579589844
17, 5,0.01, 5.48494958618e-07
17, 5,0.05, 0.00104492131952
17, 5,0.1, 0.0174767397174
17, 5,0.15, 0.0668395794805
17, 5,0.2, 0.136075559054
17, 5,0.25, 0.191419205396
17, 5,0.3, 0.208129221035
17, 5,0.35, 0.184863344746
17, 5,0.4, 0.137932073935
17, 5,0.45, 0.0874913560531
17, 5,0.5, 0.0472106933594
17, 6,0.01, 1.10807062347e-08
17, 6,0.05, 0.000109991717844
17, 6,0.1, 0.00388371993721
17, 6,0.15, 0.0235904398166
17, 6,0.2, 0.0680377795268
17, 6,0.25, 0.127612803597
17, 6,0.3, 0.178396475173
17, 6,0.35, 0.199083602034
17, 6,0.4, 0.183909431913
17, 6,0.45, 0.143167673541
17, 6,0.5, 0.0944213867187
17, 7,0.01, 1.75884225948e-10
17, 7,0.05, 9.09705937055e-06
17, 7,0.1, 0.000678109830306
17, 7,0.15, 0.00654188667184
17, 7,0.2, 0.0267291276712
17, 7,0.25, 0.0668448018841
17, 7,0.3, 0.120144564913
17, 7,0.35, 0.168455355567
17, 7,0.4, 0.192667023909
17, 7,0.45, 0.184072723125
17, 7,0.5, 0.148376464844
17, 8,0.01, 2.22076042863e-12
17, 8,0.05, 5.98490748063e-07
17, 8,0.1, 9.41819208759e-05
17, 8,0.15, 0.00144306323644
17, 8,0.2, 0.00835285239726
17, 8,0.25, 0.0278520007851
17, 8,0.3, 0.0643631597746
17, 8,0.35, 0.113383412401
17, 8,0.4, 0.160555853257
17, 8,0.45, 0.188256194105
17, 8,0.5, 0.185470581055
17, 9,0.01, 2.24319235215e-14
17, 9,0.05, 3.14995130559e-08
17, 9,0.1, 1.04646578751e-05
17, 9,0.15, 0.000254658218195
17, 9,0.2, 0.00208821309932
17, 9,0.25, 0.00928400026169
17, 9,0.3, 0.027584211332
17, 9,0.35, 0.0610526066775
17, 9,0.4, 0.107037235505
17, 9,0.45, 0.154027795177
17, 9,0.5, 0.185470581055
17, 10,0.01, 1.81268068861e-16
17, 10,0.05, 1.32629528657e-09
17, 10,0.1, 9.3019181112e-07
17, 10,0.15, 3.5951748451e-05
17, 10,0.2, 0.000417642619863
17, 10,0.25, 0.00247573340312
17, 10,0.3, 0.00945744388525
17, 10,0.35, 0.0262995844149
17, 10,0.4, 0.0570865256025
17, 10,0.45, 0.100818193207
17, 10,0.5, 0.148376464844
17, 11,0.01, 1.1651758329e-18
17, 11,0.05, 4.44213732343e-11
17, 11,0.1, 6.577113816e-08
17, 11,0.15, 4.03736212551e-06
17, 11,0.2, 6.64431440691e-05
17, 11,0.25, 0.000525155570358
17, 11,0.3, 0.0025793028778
17, 11,0.35, 0.0090117457086
17, 11,0.4, 0.0242185260132
17, 11,0.45, 0.052492117124
17, 11,0.5, 0.0944213867187
17, 12,0.01, 5.88472642878e-21
17, 12,0.05, 1.16898350616e-12
17, 12,0.1, 3.65395212e-09
17, 12,0.15, 3.56237834604e-07
17, 12,0.2, 8.30539300864e-06
17, 12,0.25, 8.7525928393e-05
17, 12,0.3, 0.000552707759528
17, 12,0.35, 0.00242623922924
17, 12,0.4, 0.0080728420044
17, 12,0.45, 0.0214740479144
17, 12,0.5, 0.0472106933594
17, 13,0.01, 2.2862185038e-23
17, 13,0.05, 2.3663633728e-14
17, 13,0.1, 1.561518e-10
17, 13,0.15, 2.41790385478e-08
17, 13,0.2, 7.985954816e-07
17, 13,0.25, 1.12212728709e-05
17, 13,0.3, 9.11056746474e-05
17, 13,0.35, 0.00050247558002
17, 13,0.4, 0.00206995948831
17, 13,0.45, 0.00675756752551
17, 13,0.5, 0.0181579589844
17, 14,0.01, 6.5980332e-26
17, 14,0.05, 3.55844116211e-16
17, 14,0.1, 4.9572e-12
17, 14,0.15, 1.21911118728e-09
17, 14,0.2, 5.70425344e-08
17, 14,0.25, 1.06869265437e-06
17, 14,0.3, 1.11557968956e-05
17, 14,0.35, 7.73039353877e-05
17, 14,0.4, 0.000394277997773
17, 14,0.45, 0.00157969110986
17, 14,0.5, 0.00518798828125
17, 15,0.01, 1.332936e-28
17, 15,0.05, 3.74572753906e-18
17, 15,0.1, 1.1016e-13
17, 15,0.15, 4.30274536688e-11
17, 15,0.2, 2.85212672e-09
17, 15,0.25, 7.12461769581e-08
17, 15,0.3, 9.5621116248e-07
17, 15,0.35, 8.3250391956e-06
17, 15,0.4, 5.2570399703e-05
17, 15,0.45, 0.000258494908886
17, 15,0.5, 0.00103759765625
17, 16,0.01, 1.683e-31
17, 16,0.05, 2.46429443359e-20
17, 16,0.1, 1.53e-15
17, 16,0.15, 9.49135007401e-13
17, 16,0.2, 8.912896e-11
17, 16,0.25, 2.96859070659e-09
17, 16,0.3, 5.122559799e-08
17, 16,0.35, 5.60339176627e-07
17, 16,0.4, 4.38086664192e-06
17, 16,0.45, 2.64369793179e-05
17, 16,0.5, 0.000129699707031
17, 17,0.01, 1e-34
17, 17,0.05, 7.62939453125e-23
17, 17,0.1, 1e-17
17, 17,0.15, 9.85261253357e-15
17, 17,0.2, 1.31072e-12
17, 17,0.25, 5.82076609135e-11
17, 17,0.3, 1.29140163e-09
17, 17,0.35, 1.77482997122e-08
17, 17,0.4, 1.7179869184e-07
17, 17,0.45, 1.27236798856e-06
17, 17,0.5, 7.62939453125e-06
18, 0,0.01, 0.83451376145
18, 0,0.05, 0.397214318458
18, 0,0.1, 0.150094635297
18, 0,0.15, 0.0536464098056
18, 0,0.2, 0.0180143985095
18, 0,0.25, 0.00563771011366
18, 0,0.3, 0.00162841359791
18, 0,0.35, 0.000428983333404
18, 0,0.4, 0.000101559956668
18, 0,0.45, 2.12094013729e-05
18, 0,0.5, 3.81469726562e-06
18, 1,0.01, 0.151729774809
18, 1,0.05, 0.376308301697
18, 1,0.1, 0.300189270594
18, 1,0.15, 0.170406242912
18, 1,0.2, 0.0810647932927
18, 1,0.25, 0.033826260682
18, 1,0.3, 0.0125620477553
18, 1,0.35, 0.00415783846223
18, 1,0.4, 0.00121871948002
18, 1,0.45, 0.000312356638401
18, 1,0.5, 6.86645507812e-05
18, 2,0.01, 0.0130273038978
18, 2,0.05, 0.168348450759
18, 2,0.1, 0.283512088894
18, 2,0.15, 0.255609364368
18, 2,0.2, 0.172262685747
18, 2,0.25, 0.0958410719322
18, 2,0.3, 0.0457617453943
18, 2,0.35, 0.0190301068079
18, 2,0.4, 0.00690607705345
18, 2,0.45, 0.00217229843979
18, 2,0.5, 0.000583648681641
18, 3,0.01, 0.000701807617387
18, 3,0.05, 0.0472557054763
18, 3,0.1, 0.168007163789
18, 3,0.15, 0.240573519405
18, 3,0.2, 0.229683580996
18, 3,0.25, 0.17038412788
18, 3,0.3, 0.104598275187
18, 3,0.35, 0.0546505631406
18, 3,0.4, 0.0245549406345
18, 3,0.45, 0.00947912046452
18, 3,0.5, 0.00311279296875
18, 4,0.01, 2.65836218707e-05
18, 4,0.05, 0.00932678397558
18, 4,0.1, 0.0700029849122
18, 4,0.15, 0.159203064312
18, 4,0.2, 0.215328357184
18, 4,0.25, 0.212980159849
18, 4,0.3, 0.168104370836
18, 4,0.35, 0.110352098649
18, 4,0.4, 0.0613873515862
18, 4,0.45, 0.0290836650616
18, 4,0.5, 0.0116729736328
18, 5,0.01, 7.51860012506e-07
18, 5,0.05, 0.00137447342798
18, 5,0.1, 0.0217787064171
18, 5,0.15, 0.0786650435424
18, 5,0.2, 0.150729850029
18, 5,0.25, 0.198781482526
18, 5,0.3, 0.201725245004
18, 5,0.35, 0.166377010271
18, 5,0.4, 0.114589722961
18, 5,0.45, 0.0666280326866
18, 5,0.5, 0.0326843261719
18, 6,0.01, 1.64548487585e-08
18, 6,0.05, 0.000156738197928
18, 6,0.1, 0.00524302191523
18, 6,0.15, 0.0300778107662
18, 6,0.2, 0.0816453354321
18, 6,0.25, 0.143564404047
18, 6,0.3, 0.187316298932
18, 6,0.35, 0.194106511983
18, 6,0.4, 0.165518488721
18, 6,0.45, 0.118113330672
18, 6,0.5, 0.0708160400391
18, 7,0.01, 2.84932446035e-10
18, 7,0.05, 1.41417922942e-05
18, 7,0.1, 0.000998670840997
18, 7,0.15, 0.00909916964356
18, 7,0.2, 0.0349908580423
18, 7,0.25, 0.0820368023124
18, 7,0.3, 0.137620137991
18, 7,0.35, 0.179175241831
18, 7,0.4, 0.18916398711
18, 7,0.45, 0.165665450812
18, 7,0.5, 0.121398925781
18, 8,0.01, 3.95739508382e-12
18, 8,0.05, 1.02341917919e-06
18, 8,0.1, 0.000152574711819
18, 8,0.15, 0.00220788675175
18, 8,0.2, 0.0120281074521
18, 8,0.25, 0.0376002010598
18, 8,0.3, 0.081097581316
18, 8,0.35, 0.132658592509
18, 8,0.4, 0.173400321518
18, 8,0.45, 0.186373632164
18, 8,0.5, 0.166923522949
18, 9,0.01, 4.44152085727e-14
18, 9,0.05, 5.98490748063e-08
18, 9,0.1, 1.88363841752e-05
18, 9,0.15, 0.000432918970931
18, 9,0.2, 0.0033411409589
18, 9,0.25, 0.0139260003925
18, 9,0.3, 0.0386178958648
18, 9,0.35, 0.0793683886807
18, 9,0.4, 0.128444682606
18, 9,0.45, 0.169430574694
18, 9,0.5, 0.185470581055
18, 10,0.01, 4.03774623388e-16
18, 10,0.05, 2.83495617503e-09
18, 10,0.1, 1.88363841752e-06
18, 10,0.15, 6.87577189125e-05
18, 10,0.2, 0.000751756715753
18, 10,0.25, 0.00417780011776
18, 10,0.3, 0.0148954741193
18, 10,0.35, 0.0384631422068
18, 10,0.4, 0.0770668095634
18, 10,0.45, 0.124762514093
18, 10,0.5, 0.166923522949
18, 11,0.01, 2.96620476318e-18
18, 11,0.05, 1.08515068901e-10
18, 11,0.1, 1.52213205456e-07
18, 11,0.15, 8.82452007433e-06
18, 11,0.2, 0.000136683039228
18, 11,0.25, 0.00101280002855
18, 11,0.3, 0.00464274518003
18, 11,0.35, 0.0150624892558
18, 11,0.4, 0.0373657258489
18, 11,0.45, 0.0742388513612
18, 11,0.5, 0.121398925781
18, 12,0.01, 1.74776374935e-20
18, 12,0.05, 3.33160299257e-12
18, 12,0.1, 9.865670724e-09
18, 12,0.15, 9.0840647824e-07
18, 12,0.2, 1.99329432207e-05
18, 12,0.25, 0.000196933338884
18, 12,0.3, 0.00116068629501
18, 12,0.35, 0.00473116649702
18, 12,0.4, 0.0145311156079
18, 12,0.45, 0.0354321790587
18, 12,0.5, 0.0708160400391
18, 13,0.01, 8.14808274754e-23
18, 13,0.05, 8.09296273499e-14
18, 13,0.1, 5.05931832e-10
18, 13,0.15, 7.39878579562e-08
18, 13,0.2, 2.29995498701e-06
18, 13,0.25, 3.02974367514e-05
18, 13,0.3, 0.000229586300111
18, 13,0.35, 0.00117579285725
18, 13,0.4, 0.00447111249474
18, 13,0.45, 0.0133799837005
18, 13,0.5, 0.0326843261719
18, 14,0.01, 2.9394237906e-25
18, 14,0.05, 1.5212335968e-15
18, 14,0.1, 2.007666e-11
18, 14,0.15, 4.66310029136e-09
18, 14,0.2, 2.0535312384e-07
18, 14,0.25, 3.6068377085e-06
18, 14,0.3, 3.51407602211e-05
18, 14,0.35, 0.000226114011009
18, 14,0.4, 0.00106455059399
18, 14,0.45, 0.0039097354969
18, 14,0.5, 0.0116729736328
18, 15,0.01, 7.91763984e-28
18, 15,0.05, 2.13506469727e-17
18, 15,0.1, 5.94864e-13
18, 15,0.15, 2.19440013711e-10
18, 15,0.2, 1.3690208256e-08
18, 15,0.25, 3.20607796311e-07
18, 15,0.3, 4.01608688242e-06
18, 15,0.35, 3.24676528628e-05
18, 15,0.4, 0.000189253438931
18, 15,0.45, 0.000853033199324
18, 15,0.5, 0.00311279296875
18, 16,0.01, 1.499553e-30
18, 16,0.05, 2.10697174072e-19
18, 16,0.1, 1.2393e-14
18, 16,0.15, 7.26088280661e-12
18, 16,0.2, 6.41728512e-10
18, 16,0.25, 2.00379872695e-08
18, 16,0.3, 3.22721267337e-07
18, 16,0.35, 3.27798418327e-06
18, 16,0.4, 2.36566798664e-05
18, 16,0.45, 0.000130863047623
18, 16,0.5, 0.000583648681641
18, 17,0.01, 1.782e-33
18, 17,0.05, 1.30462646484e-21
18, 17,0.1, 1.62e-16
18, 17,0.15, 1.50744971764e-13
18, 17,0.2, 1.8874368e-11
18, 17,0.25, 7.85803422332e-10
18, 17,0.3, 1.6271660538e-08
18, 17,0.35, 2.07655106632e-07
18, 17,0.4, 1.85542587187e-06
18, 17,0.45, 1.25964430868e-05
18, 17,0.5, 6.86645507812e-05
18, 18,0.01, 1e-36
18, 18,0.05, 3.81469726563e-24
18, 18,0.1, 1e-18
18, 18,0.15, 1.47789188004e-15
18, 18,0.2, 2.62144e-13
18, 18,0.25, 1.45519152284e-11
18, 18,0.3, 3.87420489e-10
18, 18,0.35, 6.21190489926e-09
18, 18,0.4, 6.8719476736e-08
18, 18,0.45, 5.72565594852e-07
18, 18,0.5, 3.81469726562e-06
19, 0,0.01, 0.826168623836
19, 0,0.05, 0.377353602535
19, 0,0.1, 0.135085171767
19, 0,0.15, 0.0455994483347
19, 0,0.2, 0.0144115188076
19, 0,0.25, 0.00422828258525
19, 0,0.3, 0.00113988951854
19, 0,0.35, 0.000278839166713
19, 0,0.4, 6.0935974001e-05
19, 0,0.45, 1.16651707551e-05
19, 0,0.5, 1.90734863281e-06
19, 1,0.01, 0.158557614676
19, 1,0.05, 0.377353602535
19, 1,0.1, 0.285179807064
19, 1,0.15, 0.152892267946
19, 1,0.2, 0.068454714336
19, 1,0.25, 0.0267791230399
19, 1,0.3, 0.00928195750809
19, 1,0.35, 0.00285273916714
19, 1,0.4, 0.00077185567068
19, 1,0.45, 0.000181340381738
19, 1,0.5, 3.62396240234e-05
19, 2,0.01, 0.0144143286069
19, 2,0.05, 0.178746443306
19, 2,0.1, 0.285179807064
19, 2,0.15, 0.242828896149
19, 2,0.2, 0.154023107256
19, 2,0.25, 0.0803373691197
19, 2,0.3, 0.0358018361026
19, 2,0.35, 0.0138248128869
19, 2,0.4, 0.00463113402408
19, 2,0.45, 0.00133532462916
19, 2,0.5, 0.000326156616211
19, 3,0.01, 0.000825062580191
19, 3,0.05, 0.0533103427404
19, 3,0.1, 0.1795576563
19, 3,0.15, 0.242828896149
19, 3,0.2, 0.218199401946
19, 3,0.25, 0.151748363893
19, 3,0.3, 0.0869473162492
19, 3,0.35, 0.0421834034241
19, 3,0.4, 0.0174953952021
19, 3,0.45, 0.00619105055339
19, 3,0.5, 0.0018482208252
19, 4,0.01, 3.33358618259e-05
19, 4,0.05, 0.0112232300506
19, 4,0.1, 0.0798034027999
19, 4,0.15, 0.171408632576
19, 4,0.2, 0.218199401946
19, 4,0.25, 0.202331151857
19, 4,0.3, 0.149052542142
19, 4,0.35, 0.0908565612212
19, 4,0.4, 0.0466543872055
19, 4,0.45, 0.0202616199929
19, 4,0.5, 0.00739288330078
19, 5,0.01, 1.01017763109e-06
19, 5,0.05, 0.00177208895536
19, 5,0.1, 0.0266011342666
19, 5,0.15, 0.0907457466579
19, 5,0.2, 0.16364955146
19, 5,0.25, 0.202331151857
19, 5,0.3, 0.191638982753
19, 5,0.35, 0.146768291204
19, 5,0.4, 0.0933087744111
19, 5,0.45, 0.0497330672553
19, 5,0.5, 0.0221786499023
19, 6,0.01, 2.3808900396e-08
19, 6,0.05, 0.00021762495943
19, 6,0.1, 0.00689659036542
19, 6,0.15, 0.0373658956826
19, 6,0.2, 0.0954622383514
19, 6,0.25, 0.157368673666
19, 6,0.3, 0.191638982753
19, 6,0.35, 0.184401186384
19, 6,0.4, 0.145146982417
19, 6,0.45, 0.0949449465784
19, 6,0.5, 0.0517501831055
19, 7,0.01, 4.4663160916e-10
19, 7,0.05, 2.12716125759e-05
19, 7,0.1, 0.00142310594842
19, 7,0.15, 0.012245965812
19, 7,0.2, 0.0443217535203
19, 7,0.25, 0.0974187027459
19, 7,0.3, 0.152528986273
19, 7,0.35, 0.184401186384
19, 7,0.4, 0.179705787755
19, 7,0.45, 0.144266996749
19, 7,0.5, 0.0961074829102
19, 8,0.01, 6.76714559334e-12
19, 8,0.05, 1.67933783494e-06
19, 8,0.1, 0.000237184324737
19, 8,0.15, 0.00324157918552
19, 8,0.2, 0.0166206575701
19, 8,0.25, 0.048709351373
19, 8,0.3, 0.0980543483185
19, 8,0.35, 0.148939419772
19, 8,0.4, 0.179705787755
19, 8,0.45, 0.177054950556
19, 8,0.5, 0.144161224365
19, 9,0.01, 8.35450073252e-14
19, 9,0.05, 1.08027580025e-07
19, 9,0.1, 3.22102169396e-05
19, 9,0.15, 0.000699164138053
19, 9,0.2, 0.00507853425753
19, 9,0.25, 0.0198445505594
19, 9,0.3, 0.0513618015001
19, 9,0.35, 0.0980199600206
19, 9,0.4, 0.14642693817
19, 9,0.45, 0.177054950556
19, 9,0.5, 0.176197052002
19, 10,0.01, 8.4388896288e-16
19, 10,0.05, 5.6856621066e-09
19, 10,0.1, 3.57891299328e-06
19, 10,0.15, 0.000123381906715
19, 10,0.2, 0.00126963356438
19, 10,0.25, 0.00661485018645
19, 10,0.3, 0.0220122006429
19, 10,0.35, 0.0527799784727
19, 10,0.4, 0.0976179587803
19, 10,0.45, 0.144863141364
19, 10,0.5, 0.176197052002
19, 11,0.01, 6.97428894943e-18
19, 11,0.05, 2.44837124207e-10
19, 11,0.1, 3.25355726662e-07
19, 11,0.15, 1.78144999001e-05
19, 11,0.2, 0.000259697774533
19, 11,0.25, 0.00180405005085
19, 11,0.3, 0.0077185638618
19, 11,0.35, 0.0232527177887
19, 11,0.4, 0.0532461593347
19, 11,0.45, 0.0969744995905
19, 11,0.5, 0.144161224365
19, 12,0.01, 4.69649087503e-20
19, 12,0.05, 8.59077628798e-12
19, 12,0.1, 2.41004241972e-08
19, 12,0.15, 2.09582351765e-06
19, 12,0.2, 4.32829624222e-05
19, 12,0.25, 0.0004009000113
19, 12,0.3, 0.00220530396051
19, 12,0.35, 0.00834712946259
19, 12,0.4, 0.0236649597043
19, 12,0.45, 0.0528951815948
19, 12,0.5, 0.0961074829102
19, 13,0.01, 2.55442394135e-22
19, 13,0.05, 2.43463295611e-13
19, 13,0.1, 1.4419057212e-09
19, 13,0.15, 1.99150650999e-07
19, 13,0.2, 5.82655263375e-06
19, 13,0.25, 7.19564122846e-05
19, 13,0.3, 0.00050891629858
19, 13,0.35, 0.00242017363117
19, 13,0.4, 0.00849511374001
19, 13,0.45, 0.0233034716117
19, 13,0.5, 0.0517501831055
19, 14,0.01, 1.10581123002e-24
19, 14,0.05, 5.49165328445e-15
19, 14,0.1, 6.86621772e-11
19, 14,0.15, 1.50618139411e-08
19, 14,0.2, 6.24273496474e-07
19, 14,0.25, 1.02794874692e-05
19, 14,0.3, 9.34744221882e-05
19, 14,0.35, 0.000558501607192
19, 14,0.4, 0.00242717535429
19, 14,0.45, 0.00817134718852
19, 14,0.5, 0.0221786499023
19, 15,0.01, 3.72327013476e-27
19, 15,0.05, 9.63447944641e-17
19, 15,0.1, 2.5430436e-12
19, 15,0.15, 8.85989055358e-10
19, 15,0.2, 5.20227913728e-08
19, 15,0.25, 1.14216527436e-06
19, 15,0.3, 1.3353488884e-05
19, 15,0.35, 0.000100243878214
19, 15,0.4, 0.000539372300953
19, 15,0.45, 0.00222854923323
19, 15,0.5, 0.00739288330078
19, 16,0.01, 9.40219731e-30
19, 16,0.05, 1.267694664e-18
19, 16,0.1, 7.06401e-14
19, 16,0.15, 3.90877524423e-11
19, 16,0.2, 3.2514244608e-09
19, 16,0.25, 9.51804395299e-08
19, 16,0.3, 1.43073095186e-06
19, 16,0.35, 1.34943682211e-05
19, 16,0.4, 8.98953834922e-05
19, 16,0.45, 0.000455839615889
19, 16,0.5, 0.0018482208252
19, 17,0.01, 1.675971e-32
19, 17,0.05, 1.17742538452e-20
19, 17,0.1, 1.3851e-15
19, 17,0.15, 1.21726564699e-12
19, 17,0.2, 1.434451968e-10
19, 17,0.25, 5.59884938411e-09
19, 17,0.3, 1.08206542578e-07
19, 17,0.35, 1.28227028345e-06
19, 17,0.4, 1.05759274697e-05
19, 17,0.45, 6.58164151283e-05
19, 17,0.5, 0.000326156616211
19, 18,0.01, 1.881e-35
19, 18,0.05, 6.88552856445e-23
19, 18,0.1, 1.71e-17
19, 18,0.15, 2.38679538626e-14
19, 18,0.2, 3.9845888e-12
19, 18,0.25, 2.07364792004e-10
19, 18,0.3, 5.1526925037e-09
19, 18,0.35, 7.67170255058e-08
19, 18,0.4, 7.8340203479e-07
19, 18,0.45, 5.98331046621e-06
19, 18,0.5, 3.62396240234e-05
19, 19,0.01, 1e-38
19, 19,0.05, 1.90734863281e-25
19, 19,0.1, 1e-19
19, 19,0.15, 2.21683782005e-16
19, 19,0.2, 5.24288e-14
19, 19,0.25, 3.63797880709e-12
19, 19,0.3, 1.162261467e-10
19, 19,0.35, 2.17416671474e-09
19, 19,0.4, 2.74877906944e-08
19, 19,0.45, 2.57654517684e-07
19, 19,0.5, 1.90734863281e-06
20, 0,0.01, 0.817906937597
20, 0,0.05, 0.358485922409
20, 0,0.1, 0.121576654591
20, 0,0.15, 0.0387595310845
20, 0,0.2, 0.0115292150461
20, 0,0.25, 0.00317121193893
20, 0,0.3, 0.000797922662976
20, 0,0.35, 0.000181245458363
20, 0,0.4, 3.65615844006e-05
20, 0,0.45, 6.4158439153e-06
20, 0,0.5, 9.53674316406e-07
20, 1,0.01, 0.165233724767
20, 1,0.05, 0.377353602535
20, 1,0.1, 0.270170343535
20, 1,0.15, 0.136798345004
20, 1,0.2, 0.0576460752303
20, 1,0.25, 0.0211414129262
20, 1,0.3, 0.00683933711122
20, 1,0.35, 0.00195187416699
20, 1,0.4, 0.000487487792008
20, 1,0.45, 0.000104986536796
20, 1,0.5, 1.90734863281e-05
20, 2,0.01, 0.0158557614676
20, 2,0.05, 0.188676801268
20, 2,0.1, 0.285179807064
20, 2,0.15, 0.229338401919
20, 2,0.2, 0.136909428672
20, 2,0.25, 0.0669478075997
20, 2,0.3, 0.0278458725243
20, 2,0.35, 0.00998458708499
20, 2,0.4, 0.00308742268272
20, 2,0.45, 0.000816031717822
20, 2,0.5, 0.000181198120117
20, 3,0.01, 0.000960955240458
20, 3,0.05, 0.0595821477687
20, 3,0.1, 0.190119871376
20, 3,0.15, 0.242828896149
20, 3,0.2, 0.205364143008
20, 3,0.25, 0.133895615199
20, 3,0.3, 0.0716036722053
20, 3,0.35, 0.0322578967361
20, 3,0.4, 0.0123496907309
20, 3,0.45, 0.00400597388749
20, 3,0.5, 0.0010871887207
20, 4,0.01, 4.12531290095e-05
20, 4,0.05, 0.0133275856851
20, 4,0.1, 0.0897788281499
20, 4,0.15, 0.182121672112
20, 4,0.2, 0.218199401946
20, 4,0.25, 0.189685454866
20, 4,0.3, 0.130420974374
20, 4,0.35, 0.0738209559923
20, 4,0.4, 0.0349907904042
20, 4,0.45, 0.0139298637451
20, 4,0.5, 0.00462055206299
20, 5,0.01, 1.33343447304e-06
20, 5,0.05, 0.00224464601012
20, 5,0.1, 0.03192136112
20, 5,0.15, 0.102845179546
20, 5,0.2, 0.174559521557
20, 5,0.25, 0.202331151857
20, 5,0.3, 0.17886305057
20, 5,0.35, 0.12719918571
20, 5,0.4, 0.0746470195289
20, 5,0.45, 0.0364709159872
20, 5,0.5, 0.0147857666016
20, 6,0.01, 3.36725877029e-08
20, 6,0.05, 0.000295348159227
20, 6,0.1, 0.00886704475554
20, 6,0.15, 0.0453728733289
20, 6,0.2, 0.109099700973
20, 6,0.25, 0.168609293214
20, 6,0.3, 0.191638982753
20, 6,0.35, 0.171229673071
20, 6,0.4, 0.124411699215
20, 6,0.45, 0.074599600883
20, 6,0.5, 0.0369644165039
20, 7,0.01, 6.80254297029e-10
20, 7,0.05, 3.10892799186e-05
20, 7,0.1, 0.00197045439012
20, 7,0.15, 0.0160139552926
20, 7,0.2, 0.0545498504865
20, 7,0.25, 0.112406195476
20, 7,0.3, 0.164261985217
20, 7,0.35, 0.184401186384
20, 7,0.4, 0.16588226562
20, 7,0.45, 0.122072074172
20, 7,0.5, 0.0739288330078
20, 8,0.01, 1.1165790229e-11
20, 8,0.05, 2.65895157199e-06
20, 8,0.1, 0.000355776487105
20, 8,0.15, 0.00459223717949
20, 8,0.2, 0.0221608767602
20, 8,0.25, 0.0608866892162
20, 8,0.3, 0.114396739705
20, 8,0.35, 0.161351038086
20, 8,0.4, 0.179705787755
20, 8,0.45, 0.162300371343
20, 8,0.5, 0.120134353638
20, 9,0.01, 1.50381013185e-13
20, 9,0.05, 1.86593092771e-07
20, 9,0.1, 5.27076277193e-05
20, 9,0.15, 0.00108052639517
20, 9,0.2, 0.00738695892005
20, 9,0.25, 0.0270607507628
20, 9,0.3, 0.0653695655456
20, 9,0.35, 0.115841770933
20, 9,0.4, 0.159738478004
20, 9,0.45, 0.177054950556
20, 9,0.5, 0.160179138184
20, 10,0.01, 1.6709001465e-15
20, 10,0.05, 1.08027580025e-08
20, 10,0.1, 6.44204338791e-06
20, 10,0.15, 0.000209749241416
20, 10,0.2, 0.00203141370301
20, 10,0.25, 0.00992227527968
20, 10,0.3, 0.0308170809001
20, 10,0.35, 0.0686139720145
20, 10,0.4, 0.117141550536
20, 10,0.45, 0.1593494555
20, 10,0.5, 0.176197052002
20, 11,0.01, 1.53434356887e-17
20, 11,0.05, 5.16878373327e-10
20, 11,0.1, 6.50711453324e-07
20, 11,0.15, 3.36496109223e-05
20, 11,0.2, 0.000461684932503
20, 11,0.25, 0.00300675008475
20, 11,0.3, 0.0120066548961
20, 11,0.35, 0.0335872590281
20, 11,0.4, 0.070994879113
20, 11,0.45, 0.118524388388
20, 11,0.5, 0.160179138184
20, 12,0.01, 1.16238149157e-19
20, 12,0.05, 2.0403093684e-11
20, 12,0.1, 5.42259544437e-08
20, 12,0.15, 4.45362497502e-06
20, 12,0.2, 8.65659248443e-05
20, 12,0.25, 0.000751687521188
20, 12,0.3, 0.0038592819309
20, 12,0.35, 0.0135640853767
20, 12,0.4, 0.0354974395565
20, 12,0.45, 0.0727308746929
20, 12,0.5, 0.120134353638
20, 13,0.01, 7.22537057697e-22
20, 13,0.05, 6.60828945229e-13
20, 13,0.1, 3.7077575688e-09
20, 13,0.15, 4.83651580997e-07
20, 13,0.2, 1.33178345914e-05
20, 13,0.25, 0.000154192312039
20, 13,0.3, 0.00101783259716
20, 13,0.35, 0.00449460817217
20, 13,0.4, 0.0145630521257
20, 13,0.45, 0.0366197411041
20, 13,0.5, 0.0739288330078
20, 14,0.01, 3.64917705908e-24
20, 14,0.05, 1.73902354008e-14
20, 14,0.1, 2.059865316e-10
20, 14,0.15, 4.26751394998e-08
20, 14,0.2, 1.66472932393e-06
20, 14,0.25, 2.56987186731e-05
20, 14,0.3, 0.000218106985106
20, 14,0.35, 0.00121008681558
20, 14,0.4, 0.00485435070858
20, 14,0.45, 0.014980803179
20, 14,0.5, 0.0369644165039
20, 15,0.01, 1.47441497336e-26
20, 15,0.05, 3.66110218964e-16
20, 15,0.1, 9.15495696e-12
20, 15,0.15, 3.01236278822e-09
20, 15,0.2, 1.66472932393e-07
20, 15,0.25, 3.42649582308e-06
20, 15,0.3, 3.73897688753e-05
20, 15,0.35, 0.000260634083356
20, 15,0.4, 0.00129449352229
20, 15,0.45, 0.00490280831311
20, 15,0.5, 0.0147857666016
20, 16,0.01, 4.65408766845e-29
20, 16,0.05, 6.02154965401e-18
20, 16,0.1, 3.1788045e-13
20, 16,0.15, 1.6612294788e-10
20, 16,0.2, 1.30056978432e-08
20, 16,0.25, 3.56926648237e-07
20, 16,0.3, 5.00755833151e-06
20, 16,0.35, 4.38566967186e-05
20, 16,0.4, 0.000269686150477
20, 16,0.45, 0.00125355894369
20, 16,0.5, 0.00462055206299
20, 17,0.01, 1.10614086e-31
20, 17,0.05, 7.4570274353e-20
20, 17,0.1, 8.3106e-15
20, 17,0.15, 6.89783866628e-12
20, 17,0.2, 7.650410496e-10
20, 17,0.25, 2.79942469206e-08
20, 17,0.3, 5.04963865363e-07
20, 17,0.35, 5.55650456163e-06
20, 17,0.4, 4.23037098787e-05
20, 17,0.45, 0.00024132685547
20, 17,0.5, 0.0010871887207
20, 18,0.01, 1.86219e-34
20, 18,0.05, 6.54125213623e-22
20, 18,0.1, 1.539e-16
20, 18,0.15, 2.02877607832e-13
20, 18,0.2, 3.18767104e-11
20, 18,0.25, 1.55523594003e-09
20, 18,0.3, 3.60688475259e-08
20, 18,0.35, 4.98660665788e-07
20, 18,0.4, 4.70041220874e-06
20, 18,0.45, 3.29082075641e-05
20, 18,0.5, 0.000181198120117
20, 19,0.01, 1.98e-37
20, 19,0.05, 3.62396240234e-24
20, 19,0.1, 1.8e-18
20, 19,0.15, 3.76862429409e-15
20, 19,0.2, 8.388608e-13
20, 19,0.25, 5.45696821064e-11
20, 19,0.3, 1.6271660538e-09
20, 19,0.35, 2.82641672916e-08
20, 19,0.4, 3.29853488333e-07
20, 19,0.45, 2.83419969452e-06
20, 19,0.5, 1.90734863281e-05
20, 20,0.01, 1e-40
20, 20,0.05, 9.53674316406e-27
20, 20,0.1, 1e-20
20, 20,0.15, 3.32525673008e-17
20, 20,0.2, 1.048576e-14
20, 20,0.25, 9.09494701773e-13
20, 20,0.3, 3.486784401e-11
20, 20,0.35, 7.60958350159e-10
20, 20,0.4, 1.09951162778e-08
20, 20,0.45, 1.15944532958e-07
20, 20,0.5, 9.53674316406e-07
